section id,recording id,blink id,start timestamp [ns],end timestamp [ns],duration [ms]
ba0186f6-b5f9-4c9e-96a9-f8bf97ec60a8,17ba065b-fe2d-409d-9cc9-6b750ba4a306,1,1716479124407851133,1716479124623101133,215
ba0186f6-b5f9-4c9e-96a9-f8bf97ec60a8,17ba065b-fe2d-409d-9cc9-6b750ba4a306,2,1716479124703100133,1716479124808229133,105
ba0186f6-b5f9-4c9e-96a9-f8bf97ec60a8,17ba065b-fe2d-409d-9cc9-6b750ba4a306,3,1716479128901981133,1716479129132222133,230
ba0186f6-b5f9-4c9e-96a9-f8bf97ec60a8,17ba065b-fe2d-409d-9cc9-6b750ba4a306,4,1716479129137222133,1716479129337480133,200
ba0186f6-b5f9-4c9e-96a9-f8bf97ec60a8,17ba065b-fe2d-409d-9cc9-6b750ba4a306,5,1716479129342476133,1716479129447472133,104
ba0186f6-b5f9-4c9e-96a9-f8bf97ec60a8,17ba065b-fe2d-409d-9cc9-6b750ba4a306,6,1716479133286099133,1716479135658352133,2372
ba0186f6-b5f9-4c9e-96a9-f8bf97ec60a8,17ba065b-fe2d-409d-9cc9-6b750ba4a306,7,1716479135663344133,1716479136799344133,1136
ba0186f6-b5f9-4c9e-96a9-f8bf97ec60a8,17ba065b-fe2d-409d-9cc9-6b750ba4a306,8,1716479136824355133,1716479136949476133,125
ba0186f6-b5f9-4c9e-96a9-f8bf97ec60a8,17ba065b-fe2d-409d-9cc9-6b750ba4a306,9,1716479136954469133,1716479137189719133,235
ba0186f6-b5f9-4c9e-96a9-f8bf97ec60a8,17ba065b-fe2d-409d-9cc9-6b750ba4a306,10,1716479137194719133,1716479138140594133,945
ba0186f6-b5f9-4c9e-96a9-f8bf97ec60a8,17ba065b-fe2d-409d-9cc9-6b750ba4a306,11,1716479138145599133,1716479139001348133,855
ba0186f6-b5f9-4c9e-96a9-f8bf97ec60a8,17ba065b-fe2d-409d-9cc9-6b750ba4a306,12,1716479139006349133,1716479139311718133,305
ba0186f6-b5f9-4c9e-96a9-f8bf97ec60a8,17ba065b-fe2d-409d-9cc9-6b750ba4a306,13,1716479139316718133,1716479139506843133,190
ba0186f6-b5f9-4c9e-96a9-f8bf97ec60a8,17ba065b-fe2d-409d-9cc9-6b750ba4a306,14,1716479139521843133,1716479139767093133,245
ba0186f6-b5f9-4c9e-96a9-f8bf97ec60a8,17ba065b-fe2d-409d-9cc9-6b750ba4a306,15,1716479139772093133,1716479140007343133,235
ba0186f6-b5f9-4c9e-96a9-f8bf97ec60a8,17ba065b-fe2d-409d-9cc9-6b750ba4a306,16,1716479140012343133,1716479140187468133,175
ba0186f6-b5f9-4c9e-96a9-f8bf97ec60a8,17ba065b-fe2d-409d-9cc9-6b750ba4a306,17,1716479140192468133,1716479140412720133,220
ba0186f6-b5f9-4c9e-96a9-f8bf97ec60a8,17ba065b-fe2d-409d-9cc9-6b750ba4a306,18,1716479140417718133,1716479141263472133,845
ba0186f6-b5f9-4c9e-96a9-f8bf97ec60a8,17ba065b-fe2d-409d-9cc9-6b750ba4a306,19,1716479141268468133,1716479141808977133,540
ba0186f6-b5f9-4c9e-96a9-f8bf97ec60a8,17ba065b-fe2d-409d-9cc9-6b750ba4a306,20,1716479141813972133,1716479142074218133,260
ba0186f6-b5f9-4c9e-96a9-f8bf97ec60a8,17ba065b-fe2d-409d-9cc9-6b750ba4a306,21,1716479142079218133,1716479142344468133,265
ba0186f6-b5f9-4c9e-96a9-f8bf97ec60a8,17ba065b-fe2d-409d-9cc9-6b750ba4a306,22,1716479142359468133,1716479143035093133,675
ba0186f6-b5f9-4c9e-96a9-f8bf97ec60a8,17ba065b-fe2d-409d-9cc9-6b750ba4a306,23,1716479143040093133,1716479143945967133,905
ba0186f6-b5f9-4c9e-96a9-f8bf97ec60a8,17ba065b-fe2d-409d-9cc9-6b750ba4a306,24,1716479144081092133,1716479144326343133,245
ba0186f6-b5f9-4c9e-96a9-f8bf97ec60a8,17ba065b-fe2d-409d-9cc9-6b750ba4a306,25,1716479144331347133,1716479144576592133,245
ba0186f6-b5f9-4c9e-96a9-f8bf97ec60a8,17ba065b-fe2d-409d-9cc9-6b750ba4a306,26,1716479145407342133,1716479146828717133,1421
ba0186f6-b5f9-4c9e-96a9-f8bf97ec60a8,17ba065b-fe2d-409d-9cc9-6b750ba4a306,27,1716479147068842133,1716479147389217133,320
ba0186f6-b5f9-4c9e-96a9-f8bf97ec60a8,17ba065b-fe2d-409d-9cc9-6b750ba4a306,28,1716479147429217133,1716479147614342133,185
ba0186f6-b5f9-4c9e-96a9-f8bf97ec60a8,17ba065b-fe2d-409d-9cc9-6b750ba4a306,29,1716479148570346133,1716479150572091133,2001
ba0186f6-b5f9-4c9e-96a9-f8bf97ec60a8,17ba065b-fe2d-409d-9cc9-6b750ba4a306,30,1716479150587216133,1716479151252841133,665
ba0186f6-b5f9-4c9e-96a9-f8bf97ec60a8,17ba065b-fe2d-409d-9cc9-6b750ba4a306,31,1716479151332841133,1716479155216466133,3883
ba0186f6-b5f9-4c9e-96a9-f8bf97ec60a8,17ba065b-fe2d-409d-9cc9-6b750ba4a306,32,1716479155221465133,1716479155461715133,240
ba0186f6-b5f9-4c9e-96a9-f8bf97ec60a8,17ba065b-fe2d-409d-9cc9-6b750ba4a306,33,1716479155466715133,1716479155872090133,405
ba0186f6-b5f9-4c9e-96a9-f8bf97ec60a8,17ba065b-fe2d-409d-9cc9-6b750ba4a306,34,1716479155877090133,1716479156652840133,775
ba0186f6-b5f9-4c9e-96a9-f8bf97ec60a8,17ba065b-fe2d-409d-9cc9-6b750ba4a306,35,1716479156657840133,1716479160771598133,4113
ba0186f6-b5f9-4c9e-96a9-f8bf97ec60a8,17ba065b-fe2d-409d-9cc9-6b750ba4a306,36,1716479160786589133,1716479160961839133,175
ba0186f6-b5f9-4c9e-96a9-f8bf97ec60a8,17ba065b-fe2d-409d-9cc9-6b750ba4a306,37,1716479161141969133,1716479165981462133,4839
ba0186f6-b5f9-4c9e-96a9-f8bf97ec60a8,17ba065b-fe2d-409d-9cc9-6b750ba4a306,38,1716479166016462133,1716479166356837133,340
ba0186f6-b5f9-4c9e-96a9-f8bf97ec60a8,17ba065b-fe2d-409d-9cc9-6b750ba4a306,39,1716479166361837133,1716479166722212133,360
ba0186f6-b5f9-4c9e-96a9-f8bf97ec60a8,17ba065b-fe2d-409d-9cc9-6b750ba4a306,40,1716479170125336133,1716479170295461133,170
ba0186f6-b5f9-4c9e-96a9-f8bf97ec60a8,17ba065b-fe2d-409d-9cc9-6b750ba4a306,41,1716479170300461133,1716479171271347133,970
ba0186f6-b5f9-4c9e-96a9-f8bf97ec60a8,17ba065b-fe2d-409d-9cc9-6b750ba4a306,42,1716479171676711133,1716479172037086133,360
ba0186f6-b5f9-4c9e-96a9-f8bf97ec60a8,17ba065b-fe2d-409d-9cc9-6b750ba4a306,43,1716479174499335133,1716479176646349133,2147
ba0186f6-b5f9-4c9e-96a9-f8bf97ec60a8,17ba065b-fe2d-409d-9cc9-6b750ba4a306,44,1716479176796459133,1716479177061709133,265
ba0186f6-b5f9-4c9e-96a9-f8bf97ec60a8,17ba065b-fe2d-409d-9cc9-6b750ba4a306,45,1716479177086719133,1716479181465833133,4379
ba0186f6-b5f9-4c9e-96a9-f8bf97ec60a8,17ba065b-fe2d-409d-9cc9-6b750ba4a306,46,1716479182406708133,1716479182571833133,165
ba0186f6-b5f9-4c9e-96a9-f8bf97ec60a8,17ba065b-fe2d-409d-9cc9-6b750ba4a306,47,1716479182596837133,1716479184063208133,1466
ba0186f6-b5f9-4c9e-96a9-f8bf97ec60a8,17ba065b-fe2d-409d-9cc9-6b750ba4a306,48,1716479184328457133,1716479184803957133,475
ba0186f6-b5f9-4c9e-96a9-f8bf97ec60a8,17ba065b-fe2d-409d-9cc9-6b750ba4a306,49,1716479184808957133,1716479185970082133,1161
ba0186f6-b5f9-4c9e-96a9-f8bf97ec60a8,17ba065b-fe2d-409d-9cc9-6b750ba4a306,50,1716479186120207133,1716479186275332133,155
ba0186f6-b5f9-4c9e-96a9-f8bf97ec60a8,17ba065b-fe2d-409d-9cc9-6b750ba4a306,51,1716479186480457133,1716479187306208133,825
ba0186f6-b5f9-4c9e-96a9-f8bf97ec60a8,17ba065b-fe2d-409d-9cc9-6b750ba4a306,52,1716479187311332133,1716479187486457133,175
ba0186f6-b5f9-4c9e-96a9-f8bf97ec60a8,17ba065b-fe2d-409d-9cc9-6b750ba4a306,53,1716479187491457133,1716479187811707133,320
ba0186f6-b5f9-4c9e-96a9-f8bf97ec60a8,17ba065b-fe2d-409d-9cc9-6b750ba4a306,54,1716479187926831133,1716479189253081133,1326
ba0186f6-b5f9-4c9e-96a9-f8bf97ec60a8,17ba065b-fe2d-409d-9cc9-6b750ba4a306,55,1716479189258081133,1716479189443206133,185
ba0186f6-b5f9-4c9e-96a9-f8bf97ec60a8,17ba065b-fe2d-409d-9cc9-6b750ba4a306,56,1716479189608467133,1716479193552087133,3943
ba0186f6-b5f9-4c9e-96a9-f8bf97ec60a8,17ba065b-fe2d-409d-9cc9-6b750ba4a306,57,1716479193567080133,1716479198386579133,4819
ba0186f6-b5f9-4c9e-96a9-f8bf97ec60a8,17ba065b-fe2d-409d-9cc9-6b750ba4a306,58,1716479198391583133,1716479199012079133,620
ba0186f6-b5f9-4c9e-96a9-f8bf97ec60a8,17ba065b-fe2d-409d-9cc9-6b750ba4a306,59,1716479199017216133,1716479199372456133,355
ba0186f6-b5f9-4c9e-96a9-f8bf97ec60a8,17ba065b-fe2d-409d-9cc9-6b750ba4a306,60,1716479199377454133,1716479204322077133,4944
ba0186f6-b5f9-4c9e-96a9-f8bf97ec60a8,17ba065b-fe2d-409d-9cc9-6b750ba4a306,61,1716479204337089133,1716479208455956133,4118
ba0186f6-b5f9-4c9e-96a9-f8bf97ec60a8,17ba065b-fe2d-409d-9cc9-6b750ba4a306,62,1716479208490951133,1716479208686077133,195
ba0186f6-b5f9-4c9e-96a9-f8bf97ec60a8,17ba065b-fe2d-409d-9cc9-6b750ba4a306,63,1716479208721201133,1716479208906326133,185
ba0186f6-b5f9-4c9e-96a9-f8bf97ec60a8,17ba065b-fe2d-409d-9cc9-6b750ba4a306,64,1716479208911326133,1716479209341706133,430
ba0186f6-b5f9-4c9e-96a9-f8bf97ec60a8,17ba065b-fe2d-409d-9cc9-6b750ba4a306,65,1716479209356701133,1716479209611951133,255
ba0186f6-b5f9-4c9e-96a9-f8bf97ec60a8,17ba065b-fe2d-409d-9cc9-6b750ba4a306,66,1716479209616951133,1716479214176200133,4559
ba0186f6-b5f9-4c9e-96a9-f8bf97ec60a8,17ba065b-fe2d-409d-9cc9-6b750ba4a306,67,1716479214181204133,1716479220432073133,6250
ba0186f6-b5f9-4c9e-96a9-f8bf97ec60a8,17ba065b-fe2d-409d-9cc9-6b750ba4a306,68,1716479220437073133,1716479220692323133,255
ba0186f6-b5f9-4c9e-96a9-f8bf97ec60a8,17ba065b-fe2d-409d-9cc9-6b750ba4a306,69,1716479224700947133,1716479225421697133,720
ba0186f6-b5f9-4c9e-96a9-f8bf97ec60a8,17ba065b-fe2d-409d-9cc9-6b750ba4a306,70,1716479225516697133,1716479225992197133,475
ba0186f6-b5f9-4c9e-96a9-f8bf97ec60a8,17ba065b-fe2d-409d-9cc9-6b750ba4a306,71,1716479226007201133,1716479230251195133,4243
ba0186f6-b5f9-4c9e-96a9-f8bf97ec60a8,17ba065b-fe2d-409d-9cc9-6b750ba4a306,72,1716479230356195133,1716479230866695133,510
ba0186f6-b5f9-4c9e-96a9-f8bf97ec60a8,17ba065b-fe2d-409d-9cc9-6b750ba4a306,73,1716479230871695133,1716479231046945133,175
ba0186f6-b5f9-4c9e-96a9-f8bf97ec60a8,17ba065b-fe2d-409d-9cc9-6b750ba4a306,74,1716479231051945133,1716479231242072133,190
ba0186f6-b5f9-4c9e-96a9-f8bf97ec60a8,17ba065b-fe2d-409d-9cc9-6b750ba4a306,75,1716479231247069133,1716479233519194133,2272
ba0186f6-b5f9-4c9e-96a9-f8bf97ec60a8,17ba065b-fe2d-409d-9cc9-6b750ba4a306,76,1716479233524194133,1716479236111580133,2587
ba0186f6-b5f9-4c9e-96a9-f8bf97ec60a8,17ba065b-fe2d-409d-9cc9-6b750ba4a306,77,1716479236116568133,1716479236271693133,155
ba0186f6-b5f9-4c9e-96a9-f8bf97ec60a8,17ba065b-fe2d-409d-9cc9-6b750ba4a306,78,1716479236286818133,1716479236567067133,280
ba0186f6-b5f9-4c9e-96a9-f8bf97ec60a8,17ba065b-fe2d-409d-9cc9-6b750ba4a306,79,1716479236572068133,1716479239790066133,3217
ba0186f6-b5f9-4c9e-96a9-f8bf97ec60a8,17ba065b-fe2d-409d-9cc9-6b750ba4a306,80,1716479239795066133,1716479241551691133,1756
ba0186f6-b5f9-4c9e-96a9-f8bf97ec60a8,17ba065b-fe2d-409d-9cc9-6b750ba4a306,81,1716479241556691133,1716479241761815133,205
ba0186f6-b5f9-4c9e-96a9-f8bf97ec60a8,17ba065b-fe2d-409d-9cc9-6b750ba4a306,82,1716479241766815133,1716479242102190133,335
ba0186f6-b5f9-4c9e-96a9-f8bf97ec60a8,17ba065b-fe2d-409d-9cc9-6b750ba4a306,83,1716479242117190133,1716479244304193133,2187
ba0186f6-b5f9-4c9e-96a9-f8bf97ec60a8,17ba065b-fe2d-409d-9cc9-6b750ba4a306,84,1716479244349191133,1716479247051703133,2702
ba0186f6-b5f9-4c9e-96a9-f8bf97ec60a8,17ba065b-fe2d-409d-9cc9-6b750ba4a306,85,1716479247056813133,1716479249554062133,2497
ba0186f6-b5f9-4c9e-96a9-f8bf97ec60a8,17ba065b-fe2d-409d-9cc9-6b750ba4a306,86,1716479251180571133,1716479252681935133,1501
ba0186f6-b5f9-4c9e-96a9-f8bf97ec60a8,17ba065b-fe2d-409d-9cc9-6b750ba4a306,87,1716479252686935133,1716479253567810133,880
ba0186f6-b5f9-4c9e-96a9-f8bf97ec60a8,17ba065b-fe2d-409d-9cc9-6b750ba4a306,88,1716479253572821133,1716479253823060133,250
ba0186f6-b5f9-4c9e-96a9-f8bf97ec60a8,17ba065b-fe2d-409d-9cc9-6b750ba4a306,89,1716479253938185133,1716479254713934133,775
ba0186f6-b5f9-4c9e-96a9-f8bf97ec60a8,17ba065b-fe2d-409d-9cc9-6b750ba4a306,90,1716479254748938133,1716479255624684133,875
ba0186f6-b5f9-4c9e-96a9-f8bf97ec60a8,17ba065b-fe2d-409d-9cc9-6b750ba4a306,91,1716479255649684133,1716479256545563133,895
ba0186f6-b5f9-4c9e-96a9-f8bf97ec60a8,17ba065b-fe2d-409d-9cc9-6b750ba4a306,92,1716479256550559133,1716479257046058133,495
ba0186f6-b5f9-4c9e-96a9-f8bf97ec60a8,17ba065b-fe2d-409d-9cc9-6b750ba4a306,93,1716479257051075133,1716479257381308133,330
ba0186f6-b5f9-4c9e-96a9-f8bf97ec60a8,17ba065b-fe2d-409d-9cc9-6b750ba4a306,94,1716479257481439133,1716479257621561133,140
ba0186f6-b5f9-4c9e-96a9-f8bf97ec60a8,17ba065b-fe2d-409d-9cc9-6b750ba4a306,95,1716479257736683133,1716479258001933133,265
ba0186f6-b5f9-4c9e-96a9-f8bf97ec60a8,17ba065b-fe2d-409d-9cc9-6b750ba4a306,96,1716479258006933133,1716479262365939133,4359
ba0186f6-b5f9-4c9e-96a9-f8bf97ec60a8,17ba065b-fe2d-409d-9cc9-6b750ba4a306,97,1716479263201805133,1716479265759179133,2557
ba0186f6-b5f9-4c9e-96a9-f8bf97ec60a8,17ba065b-fe2d-409d-9cc9-6b750ba4a306,98,1716479265799179133,1716479267405678133,1606
ba0186f6-b5f9-4c9e-96a9-f8bf97ec60a8,17ba065b-fe2d-409d-9cc9-6b750ba4a306,99,1716479267450678133,1716479267630813133,180
ba0186f6-b5f9-4c9e-96a9-f8bf97ec60a8,17ba065b-fe2d-409d-9cc9-6b750ba4a306,100,1716479268376553133,1716479268581803133,205
ba0186f6-b5f9-4c9e-96a9-f8bf97ec60a8,17ba065b-fe2d-409d-9cc9-6b750ba4a306,101,1716479268586802133,1716479268776928133,190
ba0186f6-b5f9-4c9e-96a9-f8bf97ec60a8,17ba065b-fe2d-409d-9cc9-6b750ba4a306,102,1716479268781927133,1716479268912054133,130
ba0186f6-b5f9-4c9e-96a9-f8bf97ec60a8,17ba065b-fe2d-409d-9cc9-6b750ba4a306,103,1716479268917052133,1716479273231050133,4313
ba0186f6-b5f9-4c9e-96a9-f8bf97ec60a8,17ba065b-fe2d-409d-9cc9-6b750ba4a306,104,1716479273326187133,1716479273561431133,235
ba0186f6-b5f9-4c9e-96a9-f8bf97ec60a8,17ba065b-fe2d-409d-9cc9-6b750ba4a306,105,1716479273566425133,1716479274141925133,575
ba0186f6-b5f9-4c9e-96a9-f8bf97ec60a8,17ba065b-fe2d-409d-9cc9-6b750ba4a306,106,1716479274857562133,1716479278881297133,4023
ba0186f6-b5f9-4c9e-96a9-f8bf97ec60a8,17ba065b-fe2d-409d-9cc9-6b750ba4a306,107,1716479278886297133,1716479279231676133,345
ba0186f6-b5f9-4c9e-96a9-f8bf97ec60a8,17ba065b-fe2d-409d-9cc9-6b750ba4a306,108,1716479279236684133,1716479279426798133,190
ba0186f6-b5f9-4c9e-96a9-f8bf97ec60a8,17ba065b-fe2d-409d-9cc9-6b750ba4a306,109,1716479279431797133,1716479283775920133,4344
ba0186f6-b5f9-4c9e-96a9-f8bf97ec60a8,17ba065b-fe2d-409d-9cc9-6b750ba4a306,110,1716479283780924133,1716479284211295133,430
ba0186f6-b5f9-4c9e-96a9-f8bf97ec60a8,17ba065b-fe2d-409d-9cc9-6b750ba4a306,111,1716479284336420133,1716479284656669133,320
ba0186f6-b5f9-4c9e-96a9-f8bf97ec60a8,17ba065b-fe2d-409d-9cc9-6b750ba4a306,112,1716479284661669133,1716479288174918133,3513
ba0186f6-b5f9-4c9e-96a9-f8bf97ec60a8,17ba065b-fe2d-409d-9cc9-6b750ba4a306,113,1716479288179917133,1716479288395167133,215
ba0186f6-b5f9-4c9e-96a9-f8bf97ec60a8,17ba065b-fe2d-409d-9cc9-6b750ba4a306,114,1716479290136791133,1716479290336916133,200
ba0186f6-b5f9-4c9e-96a9-f8bf97ec60a8,17ba065b-fe2d-409d-9cc9-6b750ba4a306,115,1716479295136414133,1716479295381664133,245
ba0186f6-b5f9-4c9e-96a9-f8bf97ec60a8,17ba065b-fe2d-409d-9cc9-6b750ba4a306,116,1716479295386664133,1716479297098288133,1711
ba0186f6-b5f9-4c9e-96a9-f8bf97ec60a8,17ba065b-fe2d-409d-9cc9-6b750ba4a306,117,1716479297103288133,1716479299895786133,2792
ba0186f6-b5f9-4c9e-96a9-f8bf97ec60a8,17ba065b-fe2d-409d-9cc9-6b750ba4a306,118,1716479299910911133,1716479300631536133,720
ba0186f6-b5f9-4c9e-96a9-f8bf97ec60a8,17ba065b-fe2d-409d-9cc9-6b750ba4a306,119,1716479300676536133,1716479305165783133,4489
ba0186f6-b5f9-4c9e-96a9-f8bf97ec60a8,17ba065b-fe2d-409d-9cc9-6b750ba4a306,120,1716479305170783133,1716479305536033133,365
ba0186f6-b5f9-4c9e-96a9-f8bf97ec60a8,17ba065b-fe2d-409d-9cc9-6b750ba4a306,121,1716479305686158133,1716479305821283133,135
ba0186f6-b5f9-4c9e-96a9-f8bf97ec60a8,17ba065b-fe2d-409d-9cc9-6b750ba4a306,122,1716479305926408133,1716479306241783133,315
ba0186f6-b5f9-4c9e-96a9-f8bf97ec60a8,17ba065b-fe2d-409d-9cc9-6b750ba4a306,123,1716479306256783133,1716479311571655133,5314
ba0186f6-b5f9-4c9e-96a9-f8bf97ec60a8,17ba065b-fe2d-409d-9cc9-6b750ba4a306,124,1716479311576655133,1716479311781905133,205
ba0186f6-b5f9-4c9e-96a9-f8bf97ec60a8,17ba065b-fe2d-409d-9cc9-6b750ba4a306,125,1716479311786905133,1716479312577654133,790
ba0186f6-b5f9-4c9e-96a9-f8bf97ec60a8,17ba065b-fe2d-409d-9cc9-6b750ba4a306,126,1716479312582654133,1716479315895653133,3312
ba0186f6-b5f9-4c9e-96a9-f8bf97ec60a8,17ba065b-fe2d-409d-9cc9-6b750ba4a306,127,1716479315900653133,1716479316140903133,240
ba0186f6-b5f9-4c9e-96a9-f8bf97ec60a8,17ba065b-fe2d-409d-9cc9-6b750ba4a306,128,1716479316836527133,1716479320685159133,3848
ba0186f6-b5f9-4c9e-96a9-f8bf97ec60a8,17ba065b-fe2d-409d-9cc9-6b750ba4a306,129,1716479321926275133,1716479322101524133,175
ba0186f6-b5f9-4c9e-96a9-f8bf97ec60a8,17ba065b-fe2d-409d-9cc9-6b750ba4a306,130,1716479322106524133,1716479322571899133,465
ba0186f6-b5f9-4c9e-96a9-f8bf97ec60a8,17ba065b-fe2d-409d-9cc9-6b750ba4a306,131,1716479324989148133,1716479326015147133,1025
ba0186f6-b5f9-4c9e-96a9-f8bf97ec60a8,17ba065b-fe2d-409d-9cc9-6b750ba4a306,132,1716479326020147133,1716479326655659133,635
ba0186f6-b5f9-4c9e-96a9-f8bf97ec60a8,17ba065b-fe2d-409d-9cc9-6b750ba4a306,133,1716479326660659133,1716479326890899133,230
ba0186f6-b5f9-4c9e-96a9-f8bf97ec60a8,17ba065b-fe2d-409d-9cc9-6b750ba4a306,134,1716479327296272133,1716479327651646133,355
ba0186f6-b5f9-4c9e-96a9-f8bf97ec60a8,17ba065b-fe2d-409d-9cc9-6b750ba4a306,135,1716479327656646133,1716479331320019133,3663
ba0186f6-b5f9-4c9e-96a9-f8bf97ec60a8,17ba065b-fe2d-409d-9cc9-6b750ba4a306,136,1716479331335019133,1716479331965644133,630
ba0186f6-b5f9-4c9e-96a9-f8bf97ec60a8,17ba065b-fe2d-409d-9cc9-6b750ba4a306,137,1716479332481144133,1716479332651269133,170
ba0186f6-b5f9-4c9e-96a9-f8bf97ec60a8,17ba065b-fe2d-409d-9cc9-6b750ba4a306,138,1716479332746394133,1716479333021644133,275
ba0186f6-b5f9-4c9e-96a9-f8bf97ec60a8,17ba065b-fe2d-409d-9cc9-6b750ba4a306,139,1716479333026649133,1716479333201768133,175
ba0186f6-b5f9-4c9e-96a9-f8bf97ec60a8,17ba065b-fe2d-409d-9cc9-6b750ba4a306,140,1716479333206769133,1716479338401641133,5194
ba0186f6-b5f9-4c9e-96a9-f8bf97ec60a8,17ba065b-fe2d-409d-9cc9-6b750ba4a306,141,1716479338406641133,1716479343151013133,4744
ba0186f6-b5f9-4c9e-96a9-f8bf97ec60a8,17ba065b-fe2d-409d-9cc9-6b750ba4a306,142,1716479343311138133,1716479343701512133,390
ba0186f6-b5f9-4c9e-96a9-f8bf97ec60a8,17ba065b-fe2d-409d-9cc9-6b750ba4a306,143,1716479343796643133,1716479348536010133,4739
ba0186f6-b5f9-4c9e-96a9-f8bf97ec60a8,17ba065b-fe2d-409d-9cc9-6b750ba4a306,144,1716479348541011133,1716479349041510133,500
ba0186f6-b5f9-4c9e-96a9-f8bf97ec60a8,17ba065b-fe2d-409d-9cc9-6b750ba4a306,145,1716479349046518133,1716479349261634133,215
ba0186f6-b5f9-4c9e-96a9-f8bf97ec60a8,17ba065b-fe2d-409d-9cc9-6b750ba4a306,146,1716479354086132133,1716479354431507133,345
ba0186f6-b5f9-4c9e-96a9-f8bf97ec60a8,17ba065b-fe2d-409d-9cc9-6b750ba4a306,147,1716479354436506133,1716479354661756133,225
ba0186f6-b5f9-4c9e-96a9-f8bf97ec60a8,17ba065b-fe2d-409d-9cc9-6b750ba4a306,148,1716479354666757133,1716479358815504133,4148
ba0186f6-b5f9-4c9e-96a9-f8bf97ec60a8,17ba065b-fe2d-409d-9cc9-6b750ba4a306,149,1716479358850629133,1716479359040754133,190
ba0186f6-b5f9-4c9e-96a9-f8bf97ec60a8,17ba065b-fe2d-409d-9cc9-6b750ba4a306,150,1716479359666378133,1716479359811503133,145
ba0186f6-b5f9-4c9e-96a9-f8bf97ec60a8,17ba065b-fe2d-409d-9cc9-6b750ba4a306,151,1716479359826507133,1716479363695126133,3868
ba0186f6-b5f9-4c9e-96a9-f8bf97ec60a8,17ba065b-fe2d-409d-9cc9-6b750ba4a306,152,1716479363730126133,1716479365286625133,1556
ba0186f6-b5f9-4c9e-96a9-f8bf97ec60a8,17ba065b-fe2d-409d-9cc9-6b750ba4a306,153,1716479365291625133,1716479365411750133,120
ba0186f6-b5f9-4c9e-96a9-f8bf97ec60a8,17ba065b-fe2d-409d-9cc9-6b750ba4a306,154,1716479365516764133,1716479369605623133,4088
ba0186f6-b5f9-4c9e-96a9-f8bf97ec60a8,17ba065b-fe2d-409d-9cc9-6b750ba4a306,155,1716479369750748133,1716479369890873133,140
ba0186f6-b5f9-4c9e-96a9-f8bf97ec60a8,17ba065b-fe2d-409d-9cc9-6b750ba4a306,156,1716479370446380133,1716479370746622133,300
ba0186f6-b5f9-4c9e-96a9-f8bf97ec60a8,17ba065b-fe2d-409d-9cc9-6b750ba4a306,157,1716479375425995133,1716479375721244133,295
ba0186f6-b5f9-4c9e-96a9-f8bf97ec60a8,17ba065b-fe2d-409d-9cc9-6b750ba4a306,158,1716479375736249133,1716479375851376133,115
ba0186f6-b5f9-4c9e-96a9-f8bf97ec60a8,17ba065b-fe2d-409d-9cc9-6b750ba4a306,159,1716479375866369133,1716479380625867133,4759
ba0186f6-b5f9-4c9e-96a9-f8bf97ec60a8,17ba065b-fe2d-409d-9cc9-6b750ba4a306,160,1716479380896117133,1716479381021251133,125
ba0186f6-b5f9-4c9e-96a9-f8bf97ec60a8,17ba065b-fe2d-409d-9cc9-6b750ba4a306,161,1716479381036241133,1716479381271366133,235
ba0186f6-b5f9-4c9e-96a9-f8bf97ec60a8,17ba065b-fe2d-409d-9cc9-6b750ba4a306,162,1716479381276366133,1716479381571741133,295
ba0186f6-b5f9-4c9e-96a9-f8bf97ec60a8,17ba065b-fe2d-409d-9cc9-6b750ba4a306,163,1716479381576741133,1716479382232366133,655
ba0186f6-b5f9-4c9e-96a9-f8bf97ec60a8,17ba065b-fe2d-409d-9cc9-6b750ba4a306,164,1716479382307379133,1716479382877865133,570
ba0186f6-b5f9-4c9e-96a9-f8bf97ec60a8,17ba065b-fe2d-409d-9cc9-6b750ba4a306,165,1716479382882865133,1716479385185002133,2302
ba0186f6-b5f9-4c9e-96a9-f8bf97ec60a8,17ba065b-fe2d-409d-9cc9-6b750ba4a306,166,1716479385190114133,1716479385590489133,400
ba0186f6-b5f9-4c9e-96a9-f8bf97ec60a8,17ba065b-fe2d-409d-9cc9-6b750ba4a306,167,1716479386806613133,1716479387592243133,785
ba0186f6-b5f9-4c9e-96a9-f8bf97ec60a8,17ba065b-fe2d-409d-9cc9-6b750ba4a306,168,1716479387597240133,1716479387732363133,135
ba0186f6-b5f9-4c9e-96a9-f8bf97ec60a8,17ba065b-fe2d-409d-9cc9-6b750ba4a306,169,1716479387737494133,1716479388052737133,315
ba0186f6-b5f9-4c9e-96a9-f8bf97ec60a8,17ba065b-fe2d-409d-9cc9-6b750ba4a306,170,1716479388057737133,1716479388332992133,275
ba0186f6-b5f9-4c9e-96a9-f8bf97ec60a8,17ba065b-fe2d-409d-9cc9-6b750ba4a306,171,1716479388347987133,1716479391305736133,2957
ba0186f6-b5f9-4c9e-96a9-f8bf97ec60a8,17ba065b-fe2d-409d-9cc9-6b750ba4a306,172,1716479392096485133,1716479392406735133,310
ba0186f6-b5f9-4c9e-96a9-f8bf97ec60a8,17ba065b-fe2d-409d-9cc9-6b750ba4a306,173,1716479392411744133,1716479392732110133,320
ba0186f6-b5f9-4c9e-96a9-f8bf97ec60a8,17ba065b-fe2d-409d-9cc9-6b750ba4a306,174,1716479392737110133,1716479393407734133,670
ba0186f6-b5f9-4c9e-96a9-f8bf97ec60a8,17ba065b-fe2d-409d-9cc9-6b750ba4a306,175,1716479393412734133,1716479394608859133,1196
ba0186f6-b5f9-4c9e-96a9-f8bf97ec60a8,17ba065b-fe2d-409d-9cc9-6b750ba4a306,176,1716479394613859133,1716479395144358133,530
ba0186f6-b5f9-4c9e-96a9-f8bf97ec60a8,17ba065b-fe2d-409d-9cc9-6b750ba4a306,177,1716479395149358133,1716479395764858133,615
ba0186f6-b5f9-4c9e-96a9-f8bf97ec60a8,17ba065b-fe2d-409d-9cc9-6b750ba4a306,178,1716479395789858133,1716479396105233133,315
ba0186f6-b5f9-4c9e-96a9-f8bf97ec60a8,17ba065b-fe2d-409d-9cc9-6b750ba4a306,179,1716479396110233133,1716479396225358133,115
ba0186f6-b5f9-4c9e-96a9-f8bf97ec60a8,17ba065b-fe2d-409d-9cc9-6b750ba4a306,180,1716479396230358133,1716479396615733133,385
ba0186f6-b5f9-4c9e-96a9-f8bf97ec60a8,17ba065b-fe2d-409d-9cc9-6b750ba4a306,181,1716479397266234133,1716479397671607133,405
ba0186f6-b5f9-4c9e-96a9-f8bf97ec60a8,17ba065b-fe2d-409d-9cc9-6b750ba4a306,182,1716479397676607133,1716479398302232133,625
ba0186f6-b5f9-4c9e-96a9-f8bf97ec60a8,17ba065b-fe2d-409d-9cc9-6b750ba4a306,183,1716479398307232133,1716479398472370133,165
ba0186f6-b5f9-4c9e-96a9-f8bf97ec60a8,17ba065b-fe2d-409d-9cc9-6b750ba4a306,184,1716479398477356133,1716479399142981133,665
ba0186f6-b5f9-4c9e-96a9-f8bf97ec60a8,17ba065b-fe2d-409d-9cc9-6b750ba4a306,185,1716479399147981133,1716479401795480133,2647
ba0186f6-b5f9-4c9e-96a9-f8bf97ec60a8,17ba065b-fe2d-409d-9cc9-6b750ba4a306,186,1716479401870604133,1716479402100730133,230
ba0186f6-b5f9-4c9e-96a9-f8bf97ec60a8,17ba065b-fe2d-409d-9cc9-6b750ba4a306,187,1716479402516104133,1716479402686354133,170
ba0186f6-b5f9-4c9e-96a9-f8bf97ec60a8,17ba065b-fe2d-409d-9cc9-6b750ba4a306,188,1716479403552104133,1716479403817358133,265
ba0186f6-b5f9-4c9e-96a9-f8bf97ec60a8,17ba065b-fe2d-409d-9cc9-6b750ba4a306,189,1716479404317853133,1716479404558105133,240
ba0186f6-b5f9-4c9e-96a9-f8bf97ec60a8,17ba065b-fe2d-409d-9cc9-6b750ba4a306,190,1716479405388852133,1716479405573977133,185
ba0186f6-b5f9-4c9e-96a9-f8bf97ec60a8,17ba065b-fe2d-409d-9cc9-6b750ba4a306,191,1716479407906116133,1716479408051351133,145
ba0186f6-b5f9-4c9e-96a9-f8bf97ec60a8,17ba065b-fe2d-409d-9cc9-6b750ba4a306,192,1716479423575727133,1716479423810974133,235
ba0186f6-b5f9-4c9e-96a9-f8bf97ec60a8,17ba065b-fe2d-409d-9cc9-6b750ba4a306,193,1716479439600596133,1716479439820846133,220
ba0186f6-b5f9-4c9e-96a9-f8bf97ec60a8,17ba065b-fe2d-409d-9cc9-6b750ba4a306,194,1716479440636605133,1716479440836720133,200
ba0186f6-b5f9-4c9e-96a9-f8bf97ec60a8,17ba065b-fe2d-409d-9cc9-6b750ba4a306,195,1716479440986849133,1716479441126970133,140
ba0186f6-b5f9-4c9e-96a9-f8bf97ec60a8,17ba065b-fe2d-409d-9cc9-6b750ba4a306,196,1716479442122972133,1716479442413220133,290
ba0186f6-b5f9-4c9e-96a9-f8bf97ec60a8,17ba065b-fe2d-409d-9cc9-6b750ba4a306,197,1716479447587969133,1716479447743100133,155
ba0186f6-b5f9-4c9e-96a9-f8bf97ec60a8,17ba065b-fe2d-409d-9cc9-6b750ba4a306,198,1716479452182228133,1716479452362479133,180
ba0186f6-b5f9-4c9e-96a9-f8bf97ec60a8,17ba065b-fe2d-409d-9cc9-6b750ba4a306,199,1716479465854978133,1716479466075218133,220
