section id,recording id,timestamp [ns]
314b6274-7746-40e9-8d39-cbc46ab16dc9,9d2fe463-2d08-476c-9ba8-57d06914e18b,1706548526297000000
314b6274-7746-40e9-8d39-cbc46ab16dc9,9d2fe463-2d08-476c-9ba8-57d06914e18b,1706548526347000000
314b6274-7746-40e9-8d39-cbc46ab16dc9,9d2fe463-2d08-476c-9ba8-57d06914e18b,1706548526397000000
314b6274-7746-40e9-8d39-cbc46ab16dc9,9d2fe463-2d08-476c-9ba8-57d06914e18b,1706548526447000000
314b6274-7746-40e9-8d39-cbc46ab16dc9,9d2fe463-2d08-476c-9ba8-57d06914e18b,1706548526497000000
314b6274-7746-40e9-8d39-cbc46ab16dc9,9d2fe463-2d08-476c-9ba8-57d06914e18b,1706548526547000000
314b6274-7746-40e9-8d39-cbc46ab16dc9,9d2fe463-2d08-476c-9ba8-57d06914e18b,1706548526597000000
314b6274-7746-40e9-8d39-cbc46ab16dc9,9d2fe463-2d08-476c-9ba8-57d06914e18b,1706548526647000000
314b6274-7746-40e9-8d39-cbc46ab16dc9,9d2fe463-2d08-476c-9ba8-57d06914e18b,1706548526697000000
314b6274-7746-40e9-8d39-cbc46ab16dc9,9d2fe463-2d08-476c-9ba8-57d06914e18b,1706548526747000000
314b6274-7746-40e9-8d39-cbc46ab16dc9,9d2fe463-2d08-476c-9ba8-57d06914e18b,1706548526797000000
314b6274-7746-40e9-8d39-cbc46ab16dc9,9d2fe463-2d08-476c-9ba8-57d06914e18b,1706548526847000000
314b6274-7746-40e9-8d39-cbc46ab16dc9,9d2fe463-2d08-476c-9ba8-57d06914e18b,1706548526897000000
314b6274-7746-40e9-8d39-cbc46ab16dc9,9d2fe463-2d08-476c-9ba8-57d06914e18b,1706548526947000000
314b6274-7746-40e9-8d39-cbc46ab16dc9,9d2fe463-2d08-476c-9ba8-57d06914e18b,1706548526997000000
314b6274-7746-40e9-8d39-cbc46ab16dc9,9d2fe463-2d08-476c-9ba8-57d06914e18b,1706548527047000000
314b6274-7746-40e9-8d39-cbc46ab16dc9,9d2fe463-2d08-476c-9ba8-57d06914e18b,1706548527097000000
314b6274-7746-40e9-8d39-cbc46ab16dc9,9d2fe463-2d08-476c-9ba8-57d06914e18b,1706548527147000000
314b6274-7746-40e9-8d39-cbc46ab16dc9,9d2fe463-2d08-476c-9ba8-57d06914e18b,1706548527197000000
314b6274-7746-40e9-8d39-cbc46ab16dc9,9d2fe463-2d08-476c-9ba8-57d06914e18b,1706548527247000000
314b6274-7746-40e9-8d39-cbc46ab16dc9,9d2fe463-2d08-476c-9ba8-57d06914e18b,1706548527297000000
314b6274-7746-40e9-8d39-cbc46ab16dc9,9d2fe463-2d08-476c-9ba8-57d06914e18b,1706548527347000000
314b6274-7746-40e9-8d39-cbc46ab16dc9,9d2fe463-2d08-476c-9ba8-57d06914e18b,1706548527397000000
314b6274-7746-40e9-8d39-cbc46ab16dc9,9d2fe463-2d08-476c-9ba8-57d06914e18b,1706548527447000000
314b6274-7746-40e9-8d39-cbc46ab16dc9,9d2fe463-2d08-476c-9ba8-57d06914e18b,1706548527497000000
314b6274-7746-40e9-8d39-cbc46ab16dc9,9d2fe463-2d08-476c-9ba8-57d06914e18b,1706548527547000000
314b6274-7746-40e9-8d39-cbc46ab16dc9,9d2fe463-2d08-476c-9ba8-57d06914e18b,1706548527597000000
314b6274-7746-40e9-8d39-cbc46ab16dc9,9d2fe463-2d08-476c-9ba8-57d06914e18b,1706548527647000000
314b6274-7746-40e9-8d39-cbc46ab16dc9,9d2fe463-2d08-476c-9ba8-57d06914e18b,1706548527697000000
314b6274-7746-40e9-8d39-cbc46ab16dc9,9d2fe463-2d08-476c-9ba8-57d06914e18b,1706548527747000000
314b6274-7746-40e9-8d39-cbc46ab16dc9,9d2fe463-2d08-476c-9ba8-57d06914e18b,1706548527797000000
314b6274-7746-40e9-8d39-cbc46ab16dc9,9d2fe463-2d08-476c-9ba8-57d06914e18b,1706548527847000000
314b6274-7746-40e9-8d39-cbc46ab16dc9,9d2fe463-2d08-476c-9ba8-57d06914e18b,1706548527897000000
314b6274-7746-40e9-8d39-cbc46ab16dc9,9d2fe463-2d08-476c-9ba8-57d06914e18b,1706548527947000000
314b6274-7746-40e9-8d39-cbc46ab16dc9,9d2fe463-2d08-476c-9ba8-57d06914e18b,1706548527997000000
314b6274-7746-40e9-8d39-cbc46ab16dc9,9d2fe463-2d08-476c-9ba8-57d06914e18b,1706548528047000000
314b6274-7746-40e9-8d39-cbc46ab16dc9,9d2fe463-2d08-476c-9ba8-57d06914e18b,1706548528097000000
314b6274-7746-40e9-8d39-cbc46ab16dc9,9d2fe463-2d08-476c-9ba8-57d06914e18b,1706548528147000000
314b6274-7746-40e9-8d39-cbc46ab16dc9,9d2fe463-2d08-476c-9ba8-57d06914e18b,1706548528197000000
314b6274-7746-40e9-8d39-cbc46ab16dc9,9d2fe463-2d08-476c-9ba8-57d06914e18b,1706548528247000000
314b6274-7746-40e9-8d39-cbc46ab16dc9,9d2fe463-2d08-476c-9ba8-57d06914e18b,1706548528297000000
314b6274-7746-40e9-8d39-cbc46ab16dc9,9d2fe463-2d08-476c-9ba8-57d06914e18b,1706548528346999999
314b6274-7746-40e9-8d39-cbc46ab16dc9,9d2fe463-2d08-476c-9ba8-57d06914e18b,1706548528397000000
314b6274-7746-40e9-8d39-cbc46ab16dc9,9d2fe463-2d08-476c-9ba8-57d06914e18b,1706548528447000000
314b6274-7746-40e9-8d39-cbc46ab16dc9,9d2fe463-2d08-476c-9ba8-57d06914e18b,1706548528497000000
314b6274-7746-40e9-8d39-cbc46ab16dc9,9d2fe463-2d08-476c-9ba8-57d06914e18b,1706548528547000000
314b6274-7746-40e9-8d39-cbc46ab16dc9,9d2fe463-2d08-476c-9ba8-57d06914e18b,1706548528597000000
314b6274-7746-40e9-8d39-cbc46ab16dc9,9d2fe463-2d08-476c-9ba8-57d06914e18b,1706548528647000000
314b6274-7746-40e9-8d39-cbc46ab16dc9,9d2fe463-2d08-476c-9ba8-57d06914e18b,1706548528697000000
314b6274-7746-40e9-8d39-cbc46ab16dc9,9d2fe463-2d08-476c-9ba8-57d06914e18b,1706548528747000000
314b6274-7746-40e9-8d39-cbc46ab16dc9,9d2fe463-2d08-476c-9ba8-57d06914e18b,1706548528797000000
314b6274-7746-40e9-8d39-cbc46ab16dc9,9d2fe463-2d08-476c-9ba8-57d06914e18b,1706548528847000000
314b6274-7746-40e9-8d39-cbc46ab16dc9,9d2fe463-2d08-476c-9ba8-57d06914e18b,1706548528897000000
314b6274-7746-40e9-8d39-cbc46ab16dc9,9d2fe463-2d08-476c-9ba8-57d06914e18b,1706548528947000000
314b6274-7746-40e9-8d39-cbc46ab16dc9,9d2fe463-2d08-476c-9ba8-57d06914e18b,1706548528997000000
314b6274-7746-40e9-8d39-cbc46ab16dc9,9d2fe463-2d08-476c-9ba8-57d06914e18b,1706548529047000000
314b6274-7746-40e9-8d39-cbc46ab16dc9,9d2fe463-2d08-476c-9ba8-57d06914e18b,1706548529055011111
314b6274-7746-40e9-8d39-cbc46ab16dc9,9d2fe463-2d08-476c-9ba8-57d06914e18b,1706548529067966666
314b6274-7746-40e9-8d39-cbc46ab16dc9,9d2fe463-2d08-476c-9ba8-57d06914e18b,1706548529101300000
314b6274-7746-40e9-8d39-cbc46ab16dc9,9d2fe463-2d08-476c-9ba8-57d06914e18b,1706548529134644444
314b6274-7746-40e9-8d39-cbc46ab16dc9,9d2fe463-2d08-476c-9ba8-57d06914e18b,1706548529167988888
314b6274-7746-40e9-8d39-cbc46ab16dc9,9d2fe463-2d08-476c-9ba8-57d06914e18b,1706548529201333333
314b6274-7746-40e9-8d39-cbc46ab16dc9,9d2fe463-2d08-476c-9ba8-57d06914e18b,1706548529234677777
314b6274-7746-40e9-8d39-cbc46ab16dc9,9d2fe463-2d08-476c-9ba8-57d06914e18b,1706548529268022222
314b6274-7746-40e9-8d39-cbc46ab16dc9,9d2fe463-2d08-476c-9ba8-57d06914e18b,1706548529301355555
314b6274-7746-40e9-8d39-cbc46ab16dc9,9d2fe463-2d08-476c-9ba8-57d06914e18b,1706548529334700000
314b6274-7746-40e9-8d39-cbc46ab16dc9,9d2fe463-2d08-476c-9ba8-57d06914e18b,1706548529368044444
314b6274-7746-40e9-8d39-cbc46ab16dc9,9d2fe463-2d08-476c-9ba8-57d06914e18b,1706548529401388888
314b6274-7746-40e9-8d39-cbc46ab16dc9,9d2fe463-2d08-476c-9ba8-57d06914e18b,1706548529434733333
314b6274-7746-40e9-8d39-cbc46ab16dc9,9d2fe463-2d08-476c-9ba8-57d06914e18b,1706548529468066666
314b6274-7746-40e9-8d39-cbc46ab16dc9,9d2fe463-2d08-476c-9ba8-57d06914e18b,1706548529501411111
314b6274-7746-40e9-8d39-cbc46ab16dc9,9d2fe463-2d08-476c-9ba8-57d06914e18b,1706548529534755555
314b6274-7746-40e9-8d39-cbc46ab16dc9,9d2fe463-2d08-476c-9ba8-57d06914e18b,1706548529568100000
314b6274-7746-40e9-8d39-cbc46ab16dc9,9d2fe463-2d08-476c-9ba8-57d06914e18b,1706548529601444444
314b6274-7746-40e9-8d39-cbc46ab16dc9,9d2fe463-2d08-476c-9ba8-57d06914e18b,1706548529634788888
314b6274-7746-40e9-8d39-cbc46ab16dc9,9d2fe463-2d08-476c-9ba8-57d06914e18b,1706548529668122222
314b6274-7746-40e9-8d39-cbc46ab16dc9,9d2fe463-2d08-476c-9ba8-57d06914e18b,1706548529701466666
314b6274-7746-40e9-8d39-cbc46ab16dc9,9d2fe463-2d08-476c-9ba8-57d06914e18b,1706548529734811111
314b6274-7746-40e9-8d39-cbc46ab16dc9,9d2fe463-2d08-476c-9ba8-57d06914e18b,1706548529768155555
314b6274-7746-40e9-8d39-cbc46ab16dc9,9d2fe463-2d08-476c-9ba8-57d06914e18b,1706548529801500000
314b6274-7746-40e9-8d39-cbc46ab16dc9,9d2fe463-2d08-476c-9ba8-57d06914e18b,1706548529834844444
314b6274-7746-40e9-8d39-cbc46ab16dc9,9d2fe463-2d08-476c-9ba8-57d06914e18b,1706548529868177777
314b6274-7746-40e9-8d39-cbc46ab16dc9,9d2fe463-2d08-476c-9ba8-57d06914e18b,1706548529901522222
314b6274-7746-40e9-8d39-cbc46ab16dc9,9d2fe463-2d08-476c-9ba8-57d06914e18b,1706548529934866666
314b6274-7746-40e9-8d39-cbc46ab16dc9,9d2fe463-2d08-476c-9ba8-57d06914e18b,1706548529968211111
314b6274-7746-40e9-8d39-cbc46ab16dc9,9d2fe463-2d08-476c-9ba8-57d06914e18b,1706548530001555555
314b6274-7746-40e9-8d39-cbc46ab16dc9,9d2fe463-2d08-476c-9ba8-57d06914e18b,1706548530034888888
314b6274-7746-40e9-8d39-cbc46ab16dc9,9d2fe463-2d08-476c-9ba8-57d06914e18b,1706548530068233333
314b6274-7746-40e9-8d39-cbc46ab16dc9,9d2fe463-2d08-476c-9ba8-57d06914e18b,1706548530101577777
314b6274-7746-40e9-8d39-cbc46ab16dc9,9d2fe463-2d08-476c-9ba8-57d06914e18b,1706548530134922222
314b6274-7746-40e9-8d39-cbc46ab16dc9,9d2fe463-2d08-476c-9ba8-57d06914e18b,1706548530168266666
314b6274-7746-40e9-8d39-cbc46ab16dc9,9d2fe463-2d08-476c-9ba8-57d06914e18b,1706548530201611111
314b6274-7746-40e9-8d39-cbc46ab16dc9,9d2fe463-2d08-476c-9ba8-57d06914e18b,1706548530234944444
314b6274-7746-40e9-8d39-cbc46ab16dc9,9d2fe463-2d08-476c-9ba8-57d06914e18b,1706548530268288888
314b6274-7746-40e9-8d39-cbc46ab16dc9,9d2fe463-2d08-476c-9ba8-57d06914e18b,1706548530301633333
314b6274-7746-40e9-8d39-cbc46ab16dc9,9d2fe463-2d08-476c-9ba8-57d06914e18b,1706548530334977777
314b6274-7746-40e9-8d39-cbc46ab16dc9,9d2fe463-2d08-476c-9ba8-57d06914e18b,1706548530368322222
314b6274-7746-40e9-8d39-cbc46ab16dc9,9d2fe463-2d08-476c-9ba8-57d06914e18b,1706548530401666666
314b6274-7746-40e9-8d39-cbc46ab16dc9,9d2fe463-2d08-476c-9ba8-57d06914e18b,1706548530435000000
314b6274-7746-40e9-8d39-cbc46ab16dc9,9d2fe463-2d08-476c-9ba8-57d06914e18b,1706548530468344444
314b6274-7746-40e9-8d39-cbc46ab16dc9,9d2fe463-2d08-476c-9ba8-57d06914e18b,1706548530501688888
314b6274-7746-40e9-8d39-cbc46ab16dc9,9d2fe463-2d08-476c-9ba8-57d06914e18b,1706548530535033333
314b6274-7746-40e9-8d39-cbc46ab16dc9,9d2fe463-2d08-476c-9ba8-57d06914e18b,1706548530568377777
314b6274-7746-40e9-8d39-cbc46ab16dc9,9d2fe463-2d08-476c-9ba8-57d06914e18b,1706548530601711111
314b6274-7746-40e9-8d39-cbc46ab16dc9,9d2fe463-2d08-476c-9ba8-57d06914e18b,1706548530635055555
314b6274-7746-40e9-8d39-cbc46ab16dc9,9d2fe463-2d08-476c-9ba8-57d06914e18b,1706548530668400000
314b6274-7746-40e9-8d39-cbc46ab16dc9,9d2fe463-2d08-476c-9ba8-57d06914e18b,1706548530701744444
314b6274-7746-40e9-8d39-cbc46ab16dc9,9d2fe463-2d08-476c-9ba8-57d06914e18b,1706548530735088888
314b6274-7746-40e9-8d39-cbc46ab16dc9,9d2fe463-2d08-476c-9ba8-57d06914e18b,1706548530768433333
314b6274-7746-40e9-8d39-cbc46ab16dc9,9d2fe463-2d08-476c-9ba8-57d06914e18b,1706548530801766666
314b6274-7746-40e9-8d39-cbc46ab16dc9,9d2fe463-2d08-476c-9ba8-57d06914e18b,1706548530835111111
314b6274-7746-40e9-8d39-cbc46ab16dc9,9d2fe463-2d08-476c-9ba8-57d06914e18b,1706548530868455555
314b6274-7746-40e9-8d39-cbc46ab16dc9,9d2fe463-2d08-476c-9ba8-57d06914e18b,1706548530901800000
314b6274-7746-40e9-8d39-cbc46ab16dc9,9d2fe463-2d08-476c-9ba8-57d06914e18b,1706548530935144444
314b6274-7746-40e9-8d39-cbc46ab16dc9,9d2fe463-2d08-476c-9ba8-57d06914e18b,1706548530968477777
314b6274-7746-40e9-8d39-cbc46ab16dc9,9d2fe463-2d08-476c-9ba8-57d06914e18b,1706548531001822222
314b6274-7746-40e9-8d39-cbc46ab16dc9,9d2fe463-2d08-476c-9ba8-57d06914e18b,1706548531035166666
314b6274-7746-40e9-8d39-cbc46ab16dc9,9d2fe463-2d08-476c-9ba8-57d06914e18b,1706548531068511111
314b6274-7746-40e9-8d39-cbc46ab16dc9,9d2fe463-2d08-476c-9ba8-57d06914e18b,1706548531101855555
314b6274-7746-40e9-8d39-cbc46ab16dc9,9d2fe463-2d08-476c-9ba8-57d06914e18b,1706548531135188888
314b6274-7746-40e9-8d39-cbc46ab16dc9,9d2fe463-2d08-476c-9ba8-57d06914e18b,1706548531168533333
314b6274-7746-40e9-8d39-cbc46ab16dc9,9d2fe463-2d08-476c-9ba8-57d06914e18b,1706548531201877777
314b6274-7746-40e9-8d39-cbc46ab16dc9,9d2fe463-2d08-476c-9ba8-57d06914e18b,1706548531235222222
314b6274-7746-40e9-8d39-cbc46ab16dc9,9d2fe463-2d08-476c-9ba8-57d06914e18b,1706548531268566666
314b6274-7746-40e9-8d39-cbc46ab16dc9,9d2fe463-2d08-476c-9ba8-57d06914e18b,1706548531301911111
314b6274-7746-40e9-8d39-cbc46ab16dc9,9d2fe463-2d08-476c-9ba8-57d06914e18b,1706548531335244444
314b6274-7746-40e9-8d39-cbc46ab16dc9,9d2fe463-2d08-476c-9ba8-57d06914e18b,1706548531368588888
314b6274-7746-40e9-8d39-cbc46ab16dc9,9d2fe463-2d08-476c-9ba8-57d06914e18b,1706548531401933333
314b6274-7746-40e9-8d39-cbc46ab16dc9,9d2fe463-2d08-476c-9ba8-57d06914e18b,1706548531435277777
314b6274-7746-40e9-8d39-cbc46ab16dc9,9d2fe463-2d08-476c-9ba8-57d06914e18b,1706548531468622222
314b6274-7746-40e9-8d39-cbc46ab16dc9,9d2fe463-2d08-476c-9ba8-57d06914e18b,1706548531501966666
314b6274-7746-40e9-8d39-cbc46ab16dc9,9d2fe463-2d08-476c-9ba8-57d06914e18b,1706548531535300000
314b6274-7746-40e9-8d39-cbc46ab16dc9,9d2fe463-2d08-476c-9ba8-57d06914e18b,1706548531568644444
314b6274-7746-40e9-8d39-cbc46ab16dc9,9d2fe463-2d08-476c-9ba8-57d06914e18b,1706548531601988888
314b6274-7746-40e9-8d39-cbc46ab16dc9,9d2fe463-2d08-476c-9ba8-57d06914e18b,1706548531635333333
314b6274-7746-40e9-8d39-cbc46ab16dc9,9d2fe463-2d08-476c-9ba8-57d06914e18b,1706548531668677777
314b6274-7746-40e9-8d39-cbc46ab16dc9,9d2fe463-2d08-476c-9ba8-57d06914e18b,1706548531702011111
314b6274-7746-40e9-8d39-cbc46ab16dc9,9d2fe463-2d08-476c-9ba8-57d06914e18b,1706548531735355555
314b6274-7746-40e9-8d39-cbc46ab16dc9,9d2fe463-2d08-476c-9ba8-57d06914e18b,1706548531768700000
314b6274-7746-40e9-8d39-cbc46ab16dc9,9d2fe463-2d08-476c-9ba8-57d06914e18b,1706548531802044444
314b6274-7746-40e9-8d39-cbc46ab16dc9,9d2fe463-2d08-476c-9ba8-57d06914e18b,1706548531835388888
314b6274-7746-40e9-8d39-cbc46ab16dc9,9d2fe463-2d08-476c-9ba8-57d06914e18b,1706548531868733333
314b6274-7746-40e9-8d39-cbc46ab16dc9,9d2fe463-2d08-476c-9ba8-57d06914e18b,1706548531902066666
314b6274-7746-40e9-8d39-cbc46ab16dc9,9d2fe463-2d08-476c-9ba8-57d06914e18b,1706548531935411111
314b6274-7746-40e9-8d39-cbc46ab16dc9,9d2fe463-2d08-476c-9ba8-57d06914e18b,1706548531968755555
314b6274-7746-40e9-8d39-cbc46ab16dc9,9d2fe463-2d08-476c-9ba8-57d06914e18b,1706548532002100000
314b6274-7746-40e9-8d39-cbc46ab16dc9,9d2fe463-2d08-476c-9ba8-57d06914e18b,1706548532035444444
314b6274-7746-40e9-8d39-cbc46ab16dc9,9d2fe463-2d08-476c-9ba8-57d06914e18b,1706548532068777777
314b6274-7746-40e9-8d39-cbc46ab16dc9,9d2fe463-2d08-476c-9ba8-57d06914e18b,1706548532102122222
314b6274-7746-40e9-8d39-cbc46ab16dc9,9d2fe463-2d08-476c-9ba8-57d06914e18b,1706548532135466666
314b6274-7746-40e9-8d39-cbc46ab16dc9,9d2fe463-2d08-476c-9ba8-57d06914e18b,1706548532168811111
314b6274-7746-40e9-8d39-cbc46ab16dc9,9d2fe463-2d08-476c-9ba8-57d06914e18b,1706548532202155555
314b6274-7746-40e9-8d39-cbc46ab16dc9,9d2fe463-2d08-476c-9ba8-57d06914e18b,1706548532235500000
314b6274-7746-40e9-8d39-cbc46ab16dc9,9d2fe463-2d08-476c-9ba8-57d06914e18b,1706548532268833333
314b6274-7746-40e9-8d39-cbc46ab16dc9,9d2fe463-2d08-476c-9ba8-57d06914e18b,1706548532302177777
314b6274-7746-40e9-8d39-cbc46ab16dc9,9d2fe463-2d08-476c-9ba8-57d06914e18b,1706548532335522222
314b6274-7746-40e9-8d39-cbc46ab16dc9,9d2fe463-2d08-476c-9ba8-57d06914e18b,1706548532368866666
314b6274-7746-40e9-8d39-cbc46ab16dc9,9d2fe463-2d08-476c-9ba8-57d06914e18b,1706548532402211111
314b6274-7746-40e9-8d39-cbc46ab16dc9,9d2fe463-2d08-476c-9ba8-57d06914e18b,1706548532435555555
314b6274-7746-40e9-8d39-cbc46ab16dc9,9d2fe463-2d08-476c-9ba8-57d06914e18b,1706548532468888888
314b6274-7746-40e9-8d39-cbc46ab16dc9,9d2fe463-2d08-476c-9ba8-57d06914e18b,1706548532502233333
314b6274-7746-40e9-8d39-cbc46ab16dc9,9d2fe463-2d08-476c-9ba8-57d06914e18b,1706548532535577777
314b6274-7746-40e9-8d39-cbc46ab16dc9,9d2fe463-2d08-476c-9ba8-57d06914e18b,1706548532568922222
314b6274-7746-40e9-8d39-cbc46ab16dc9,9d2fe463-2d08-476c-9ba8-57d06914e18b,1706548532602266666
314b6274-7746-40e9-8d39-cbc46ab16dc9,9d2fe463-2d08-476c-9ba8-57d06914e18b,1706548532635600000
314b6274-7746-40e9-8d39-cbc46ab16dc9,9d2fe463-2d08-476c-9ba8-57d06914e18b,1706548532668944444
314b6274-7746-40e9-8d39-cbc46ab16dc9,9d2fe463-2d08-476c-9ba8-57d06914e18b,1706548532702288888
314b6274-7746-40e9-8d39-cbc46ab16dc9,9d2fe463-2d08-476c-9ba8-57d06914e18b,1706548532735633333
314b6274-7746-40e9-8d39-cbc46ab16dc9,9d2fe463-2d08-476c-9ba8-57d06914e18b,1706548532768977777
314b6274-7746-40e9-8d39-cbc46ab16dc9,9d2fe463-2d08-476c-9ba8-57d06914e18b,1706548532802322222
314b6274-7746-40e9-8d39-cbc46ab16dc9,9d2fe463-2d08-476c-9ba8-57d06914e18b,1706548532835655555
314b6274-7746-40e9-8d39-cbc46ab16dc9,9d2fe463-2d08-476c-9ba8-57d06914e18b,1706548532869000000
314b6274-7746-40e9-8d39-cbc46ab16dc9,9d2fe463-2d08-476c-9ba8-57d06914e18b,1706548532902344444
314b6274-7746-40e9-8d39-cbc46ab16dc9,9d2fe463-2d08-476c-9ba8-57d06914e18b,1706548532935688888
314b6274-7746-40e9-8d39-cbc46ab16dc9,9d2fe463-2d08-476c-9ba8-57d06914e18b,1706548532969033333
314b6274-7746-40e9-8d39-cbc46ab16dc9,9d2fe463-2d08-476c-9ba8-57d06914e18b,1706548533002366666
314b6274-7746-40e9-8d39-cbc46ab16dc9,9d2fe463-2d08-476c-9ba8-57d06914e18b,1706548533035711111
314b6274-7746-40e9-8d39-cbc46ab16dc9,9d2fe463-2d08-476c-9ba8-57d06914e18b,1706548533069055555
314b6274-7746-40e9-8d39-cbc46ab16dc9,9d2fe463-2d08-476c-9ba8-57d06914e18b,1706548533102400000
314b6274-7746-40e9-8d39-cbc46ab16dc9,9d2fe463-2d08-476c-9ba8-57d06914e18b,1706548533135744444
314b6274-7746-40e9-8d39-cbc46ab16dc9,9d2fe463-2d08-476c-9ba8-57d06914e18b,1706548533169088888
314b6274-7746-40e9-8d39-cbc46ab16dc9,9d2fe463-2d08-476c-9ba8-57d06914e18b,1706548533202422222
314b6274-7746-40e9-8d39-cbc46ab16dc9,9d2fe463-2d08-476c-9ba8-57d06914e18b,1706548533235766666
314b6274-7746-40e9-8d39-cbc46ab16dc9,9d2fe463-2d08-476c-9ba8-57d06914e18b,1706548533269111111
314b6274-7746-40e9-8d39-cbc46ab16dc9,9d2fe463-2d08-476c-9ba8-57d06914e18b,1706548533302455555
314b6274-7746-40e9-8d39-cbc46ab16dc9,9d2fe463-2d08-476c-9ba8-57d06914e18b,1706548533335800000
314b6274-7746-40e9-8d39-cbc46ab16dc9,9d2fe463-2d08-476c-9ba8-57d06914e18b,1706548533369133333
314b6274-7746-40e9-8d39-cbc46ab16dc9,9d2fe463-2d08-476c-9ba8-57d06914e18b,1706548533402477777
314b6274-7746-40e9-8d39-cbc46ab16dc9,9d2fe463-2d08-476c-9ba8-57d06914e18b,1706548533435822222
314b6274-7746-40e9-8d39-cbc46ab16dc9,9d2fe463-2d08-476c-9ba8-57d06914e18b,1706548533469166666
314b6274-7746-40e9-8d39-cbc46ab16dc9,9d2fe463-2d08-476c-9ba8-57d06914e18b,1706548533502511111
314b6274-7746-40e9-8d39-cbc46ab16dc9,9d2fe463-2d08-476c-9ba8-57d06914e18b,1706548533535855555
314b6274-7746-40e9-8d39-cbc46ab16dc9,9d2fe463-2d08-476c-9ba8-57d06914e18b,1706548533569188888
314b6274-7746-40e9-8d39-cbc46ab16dc9,9d2fe463-2d08-476c-9ba8-57d06914e18b,1706548533602533333
314b6274-7746-40e9-8d39-cbc46ab16dc9,9d2fe463-2d08-476c-9ba8-57d06914e18b,1706548533635877777
314b6274-7746-40e9-8d39-cbc46ab16dc9,9d2fe463-2d08-476c-9ba8-57d06914e18b,1706548533669222222
314b6274-7746-40e9-8d39-cbc46ab16dc9,9d2fe463-2d08-476c-9ba8-57d06914e18b,1706548533702566666
314b6274-7746-40e9-8d39-cbc46ab16dc9,9d2fe463-2d08-476c-9ba8-57d06914e18b,1706548533735900000
314b6274-7746-40e9-8d39-cbc46ab16dc9,9d2fe463-2d08-476c-9ba8-57d06914e18b,1706548533769244444
314b6274-7746-40e9-8d39-cbc46ab16dc9,9d2fe463-2d08-476c-9ba8-57d06914e18b,1706548533802588888
314b6274-7746-40e9-8d39-cbc46ab16dc9,9d2fe463-2d08-476c-9ba8-57d06914e18b,1706548533835933333
314b6274-7746-40e9-8d39-cbc46ab16dc9,9d2fe463-2d08-476c-9ba8-57d06914e18b,1706548533869277777
314b6274-7746-40e9-8d39-cbc46ab16dc9,9d2fe463-2d08-476c-9ba8-57d06914e18b,1706548533902622222
314b6274-7746-40e9-8d39-cbc46ab16dc9,9d2fe463-2d08-476c-9ba8-57d06914e18b,1706548533935955555
314b6274-7746-40e9-8d39-cbc46ab16dc9,9d2fe463-2d08-476c-9ba8-57d06914e18b,1706548533969300000
314b6274-7746-40e9-8d39-cbc46ab16dc9,9d2fe463-2d08-476c-9ba8-57d06914e18b,1706548534002644444
314b6274-7746-40e9-8d39-cbc46ab16dc9,9d2fe463-2d08-476c-9ba8-57d06914e18b,1706548534035988888
314b6274-7746-40e9-8d39-cbc46ab16dc9,9d2fe463-2d08-476c-9ba8-57d06914e18b,1706548534069333333
314b6274-7746-40e9-8d39-cbc46ab16dc9,9d2fe463-2d08-476c-9ba8-57d06914e18b,1706548534102666666
314b6274-7746-40e9-8d39-cbc46ab16dc9,9d2fe463-2d08-476c-9ba8-57d06914e18b,1706548534136011111
314b6274-7746-40e9-8d39-cbc46ab16dc9,9d2fe463-2d08-476c-9ba8-57d06914e18b,1706548534169355555
314b6274-7746-40e9-8d39-cbc46ab16dc9,9d2fe463-2d08-476c-9ba8-57d06914e18b,1706548534202700000
314b6274-7746-40e9-8d39-cbc46ab16dc9,9d2fe463-2d08-476c-9ba8-57d06914e18b,1706548534236044444
314b6274-7746-40e9-8d39-cbc46ab16dc9,9d2fe463-2d08-476c-9ba8-57d06914e18b,1706548534269388888
314b6274-7746-40e9-8d39-cbc46ab16dc9,9d2fe463-2d08-476c-9ba8-57d06914e18b,1706548534302722222
314b6274-7746-40e9-8d39-cbc46ab16dc9,9d2fe463-2d08-476c-9ba8-57d06914e18b,1706548534336066666
314b6274-7746-40e9-8d39-cbc46ab16dc9,9d2fe463-2d08-476c-9ba8-57d06914e18b,1706548534369411111
314b6274-7746-40e9-8d39-cbc46ab16dc9,9d2fe463-2d08-476c-9ba8-57d06914e18b,1706548534402755555
314b6274-7746-40e9-8d39-cbc46ab16dc9,9d2fe463-2d08-476c-9ba8-57d06914e18b,1706548534436099999
314b6274-7746-40e9-8d39-cbc46ab16dc9,9d2fe463-2d08-476c-9ba8-57d06914e18b,1706548534469444444
314b6274-7746-40e9-8d39-cbc46ab16dc9,9d2fe463-2d08-476c-9ba8-57d06914e18b,1706548534502777777
314b6274-7746-40e9-8d39-cbc46ab16dc9,9d2fe463-2d08-476c-9ba8-57d06914e18b,1706548534536122222
314b6274-7746-40e9-8d39-cbc46ab16dc9,9d2fe463-2d08-476c-9ba8-57d06914e18b,1706548534569466666
314b6274-7746-40e9-8d39-cbc46ab16dc9,9d2fe463-2d08-476c-9ba8-57d06914e18b,1706548534602811111
314b6274-7746-40e9-8d39-cbc46ab16dc9,9d2fe463-2d08-476c-9ba8-57d06914e18b,1706548534636155555
314b6274-7746-40e9-8d39-cbc46ab16dc9,9d2fe463-2d08-476c-9ba8-57d06914e18b,1706548534669488888
314b6274-7746-40e9-8d39-cbc46ab16dc9,9d2fe463-2d08-476c-9ba8-57d06914e18b,1706548534702833333
314b6274-7746-40e9-8d39-cbc46ab16dc9,9d2fe463-2d08-476c-9ba8-57d06914e18b,1706548534736177777
314b6274-7746-40e9-8d39-cbc46ab16dc9,9d2fe463-2d08-476c-9ba8-57d06914e18b,1706548534769522222
314b6274-7746-40e9-8d39-cbc46ab16dc9,9d2fe463-2d08-476c-9ba8-57d06914e18b,1706548534802866666
314b6274-7746-40e9-8d39-cbc46ab16dc9,9d2fe463-2d08-476c-9ba8-57d06914e18b,1706548534836211111
314b6274-7746-40e9-8d39-cbc46ab16dc9,9d2fe463-2d08-476c-9ba8-57d06914e18b,1706548534869544444
314b6274-7746-40e9-8d39-cbc46ab16dc9,9d2fe463-2d08-476c-9ba8-57d06914e18b,1706548534902888888
314b6274-7746-40e9-8d39-cbc46ab16dc9,9d2fe463-2d08-476c-9ba8-57d06914e18b,1706548534936233333
314b6274-7746-40e9-8d39-cbc46ab16dc9,9d2fe463-2d08-476c-9ba8-57d06914e18b,1706548534969577777
314b6274-7746-40e9-8d39-cbc46ab16dc9,9d2fe463-2d08-476c-9ba8-57d06914e18b,1706548535002922222
314b6274-7746-40e9-8d39-cbc46ab16dc9,9d2fe463-2d08-476c-9ba8-57d06914e18b,1706548535036266666
314b6274-7746-40e9-8d39-cbc46ab16dc9,9d2fe463-2d08-476c-9ba8-57d06914e18b,1706548535069600000
314b6274-7746-40e9-8d39-cbc46ab16dc9,9d2fe463-2d08-476c-9ba8-57d06914e18b,1706548535102944444
314b6274-7746-40e9-8d39-cbc46ab16dc9,9d2fe463-2d08-476c-9ba8-57d06914e18b,1706548535136288888
314b6274-7746-40e9-8d39-cbc46ab16dc9,9d2fe463-2d08-476c-9ba8-57d06914e18b,1706548535169633333
314b6274-7746-40e9-8d39-cbc46ab16dc9,9d2fe463-2d08-476c-9ba8-57d06914e18b,1706548535202977777
314b6274-7746-40e9-8d39-cbc46ab16dc9,9d2fe463-2d08-476c-9ba8-57d06914e18b,1706548535236311111
314b6274-7746-40e9-8d39-cbc46ab16dc9,9d2fe463-2d08-476c-9ba8-57d06914e18b,1706548535269655555
314b6274-7746-40e9-8d39-cbc46ab16dc9,9d2fe463-2d08-476c-9ba8-57d06914e18b,1706548535303000000
314b6274-7746-40e9-8d39-cbc46ab16dc9,9d2fe463-2d08-476c-9ba8-57d06914e18b,1706548535336344444
314b6274-7746-40e9-8d39-cbc46ab16dc9,9d2fe463-2d08-476c-9ba8-57d06914e18b,1706548535369688888
314b6274-7746-40e9-8d39-cbc46ab16dc9,9d2fe463-2d08-476c-9ba8-57d06914e18b,1706548535403033333
314b6274-7746-40e9-8d39-cbc46ab16dc9,9d2fe463-2d08-476c-9ba8-57d06914e18b,1706548535436366666
314b6274-7746-40e9-8d39-cbc46ab16dc9,9d2fe463-2d08-476c-9ba8-57d06914e18b,1706548535469711111
314b6274-7746-40e9-8d39-cbc46ab16dc9,9d2fe463-2d08-476c-9ba8-57d06914e18b,1706548535503055555
314b6274-7746-40e9-8d39-cbc46ab16dc9,9d2fe463-2d08-476c-9ba8-57d06914e18b,1706548535536400000
314b6274-7746-40e9-8d39-cbc46ab16dc9,9d2fe463-2d08-476c-9ba8-57d06914e18b,1706548535569744444
314b6274-7746-40e9-8d39-cbc46ab16dc9,9d2fe463-2d08-476c-9ba8-57d06914e18b,1706548535603077777
314b6274-7746-40e9-8d39-cbc46ab16dc9,9d2fe463-2d08-476c-9ba8-57d06914e18b,1706548535636422222
314b6274-7746-40e9-8d39-cbc46ab16dc9,9d2fe463-2d08-476c-9ba8-57d06914e18b,1706548535669766666
314b6274-7746-40e9-8d39-cbc46ab16dc9,9d2fe463-2d08-476c-9ba8-57d06914e18b,1706548535703111111
314b6274-7746-40e9-8d39-cbc46ab16dc9,9d2fe463-2d08-476c-9ba8-57d06914e18b,1706548535736455555
314b6274-7746-40e9-8d39-cbc46ab16dc9,9d2fe463-2d08-476c-9ba8-57d06914e18b,1706548535769800000
314b6274-7746-40e9-8d39-cbc46ab16dc9,9d2fe463-2d08-476c-9ba8-57d06914e18b,1706548535803133333
314b6274-7746-40e9-8d39-cbc46ab16dc9,9d2fe463-2d08-476c-9ba8-57d06914e18b,1706548535836477777
314b6274-7746-40e9-8d39-cbc46ab16dc9,9d2fe463-2d08-476c-9ba8-57d06914e18b,1706548535869822222
314b6274-7746-40e9-8d39-cbc46ab16dc9,9d2fe463-2d08-476c-9ba8-57d06914e18b,1706548535903166666
314b6274-7746-40e9-8d39-cbc46ab16dc9,9d2fe463-2d08-476c-9ba8-57d06914e18b,1706548535936511111
314b6274-7746-40e9-8d39-cbc46ab16dc9,9d2fe463-2d08-476c-9ba8-57d06914e18b,1706548535969844444
314b6274-7746-40e9-8d39-cbc46ab16dc9,9d2fe463-2d08-476c-9ba8-57d06914e18b,1706548536003188888
314b6274-7746-40e9-8d39-cbc46ab16dc9,9d2fe463-2d08-476c-9ba8-57d06914e18b,1706548536036533333
314b6274-7746-40e9-8d39-cbc46ab16dc9,9d2fe463-2d08-476c-9ba8-57d06914e18b,1706548536069877777
314b6274-7746-40e9-8d39-cbc46ab16dc9,9d2fe463-2d08-476c-9ba8-57d06914e18b,1706548536103222222
314b6274-7746-40e9-8d39-cbc46ab16dc9,9d2fe463-2d08-476c-9ba8-57d06914e18b,1706548536136566666
314b6274-7746-40e9-8d39-cbc46ab16dc9,9d2fe463-2d08-476c-9ba8-57d06914e18b,1706548536169900000
314b6274-7746-40e9-8d39-cbc46ab16dc9,9d2fe463-2d08-476c-9ba8-57d06914e18b,1706548536203244444
314b6274-7746-40e9-8d39-cbc46ab16dc9,9d2fe463-2d08-476c-9ba8-57d06914e18b,1706548536236588888
314b6274-7746-40e9-8d39-cbc46ab16dc9,9d2fe463-2d08-476c-9ba8-57d06914e18b,1706548536269933333
314b6274-7746-40e9-8d39-cbc46ab16dc9,9d2fe463-2d08-476c-9ba8-57d06914e18b,1706548536303277777
314b6274-7746-40e9-8d39-cbc46ab16dc9,9d2fe463-2d08-476c-9ba8-57d06914e18b,1706548536336611111
314b6274-7746-40e9-8d39-cbc46ab16dc9,9d2fe463-2d08-476c-9ba8-57d06914e18b,1706548536369955555
314b6274-7746-40e9-8d39-cbc46ab16dc9,9d2fe463-2d08-476c-9ba8-57d06914e18b,1706548536403300000
314b6274-7746-40e9-8d39-cbc46ab16dc9,9d2fe463-2d08-476c-9ba8-57d06914e18b,1706548536436644444
314b6274-7746-40e9-8d39-cbc46ab16dc9,9d2fe463-2d08-476c-9ba8-57d06914e18b,1706548536469988888
314b6274-7746-40e9-8d39-cbc46ab16dc9,9d2fe463-2d08-476c-9ba8-57d06914e18b,1706548536503333333
314b6274-7746-40e9-8d39-cbc46ab16dc9,9d2fe463-2d08-476c-9ba8-57d06914e18b,1706548536536666666
314b6274-7746-40e9-8d39-cbc46ab16dc9,9d2fe463-2d08-476c-9ba8-57d06914e18b,1706548536570011111
314b6274-7746-40e9-8d39-cbc46ab16dc9,9d2fe463-2d08-476c-9ba8-57d06914e18b,1706548536603355555
314b6274-7746-40e9-8d39-cbc46ab16dc9,9d2fe463-2d08-476c-9ba8-57d06914e18b,1706548536636700000
314b6274-7746-40e9-8d39-cbc46ab16dc9,9d2fe463-2d08-476c-9ba8-57d06914e18b,1706548536670044444
314b6274-7746-40e9-8d39-cbc46ab16dc9,9d2fe463-2d08-476c-9ba8-57d06914e18b,1706548536703377777
314b6274-7746-40e9-8d39-cbc46ab16dc9,9d2fe463-2d08-476c-9ba8-57d06914e18b,1706548536736722222
314b6274-7746-40e9-8d39-cbc46ab16dc9,9d2fe463-2d08-476c-9ba8-57d06914e18b,1706548536770066666
314b6274-7746-40e9-8d39-cbc46ab16dc9,9d2fe463-2d08-476c-9ba8-57d06914e18b,1706548536803411111
314b6274-7746-40e9-8d39-cbc46ab16dc9,9d2fe463-2d08-476c-9ba8-57d06914e18b,1706548536836755555
314b6274-7746-40e9-8d39-cbc46ab16dc9,9d2fe463-2d08-476c-9ba8-57d06914e18b,1706548536870100000
314b6274-7746-40e9-8d39-cbc46ab16dc9,9d2fe463-2d08-476c-9ba8-57d06914e18b,1706548536903433333
314b6274-7746-40e9-8d39-cbc46ab16dc9,9d2fe463-2d08-476c-9ba8-57d06914e18b,1706548536936777777
314b6274-7746-40e9-8d39-cbc46ab16dc9,9d2fe463-2d08-476c-9ba8-57d06914e18b,1706548536970122222
314b6274-7746-40e9-8d39-cbc46ab16dc9,9d2fe463-2d08-476c-9ba8-57d06914e18b,1706548537003466666
314b6274-7746-40e9-8d39-cbc46ab16dc9,9d2fe463-2d08-476c-9ba8-57d06914e18b,1706548537036811111
314b6274-7746-40e9-8d39-cbc46ab16dc9,9d2fe463-2d08-476c-9ba8-57d06914e18b,1706548537070155555
314b6274-7746-40e9-8d39-cbc46ab16dc9,9d2fe463-2d08-476c-9ba8-57d06914e18b,1706548537103488888
314b6274-7746-40e9-8d39-cbc46ab16dc9,9d2fe463-2d08-476c-9ba8-57d06914e18b,1706548537136833333
314b6274-7746-40e9-8d39-cbc46ab16dc9,9d2fe463-2d08-476c-9ba8-57d06914e18b,1706548537170177777
314b6274-7746-40e9-8d39-cbc46ab16dc9,9d2fe463-2d08-476c-9ba8-57d06914e18b,1706548537203522222
314b6274-7746-40e9-8d39-cbc46ab16dc9,9d2fe463-2d08-476c-9ba8-57d06914e18b,1706548537236866666
314b6274-7746-40e9-8d39-cbc46ab16dc9,9d2fe463-2d08-476c-9ba8-57d06914e18b,1706548537270200000
314b6274-7746-40e9-8d39-cbc46ab16dc9,9d2fe463-2d08-476c-9ba8-57d06914e18b,1706548537303544444
314b6274-7746-40e9-8d39-cbc46ab16dc9,9d2fe463-2d08-476c-9ba8-57d06914e18b,1706548537336888888
314b6274-7746-40e9-8d39-cbc46ab16dc9,9d2fe463-2d08-476c-9ba8-57d06914e18b,1706548537370233333
314b6274-7746-40e9-8d39-cbc46ab16dc9,9d2fe463-2d08-476c-9ba8-57d06914e18b,1706548537403577777
314b6274-7746-40e9-8d39-cbc46ab16dc9,9d2fe463-2d08-476c-9ba8-57d06914e18b,1706548537436922222
314b6274-7746-40e9-8d39-cbc46ab16dc9,9d2fe463-2d08-476c-9ba8-57d06914e18b,1706548537470255555
314b6274-7746-40e9-8d39-cbc46ab16dc9,9d2fe463-2d08-476c-9ba8-57d06914e18b,1706548537503600000
314b6274-7746-40e9-8d39-cbc46ab16dc9,9d2fe463-2d08-476c-9ba8-57d06914e18b,1706548537536944444
314b6274-7746-40e9-8d39-cbc46ab16dc9,9d2fe463-2d08-476c-9ba8-57d06914e18b,1706548537570288888
314b6274-7746-40e9-8d39-cbc46ab16dc9,9d2fe463-2d08-476c-9ba8-57d06914e18b,1706548537603633333
314b6274-7746-40e9-8d39-cbc46ab16dc9,9d2fe463-2d08-476c-9ba8-57d06914e18b,1706548537636966666
314b6274-7746-40e9-8d39-cbc46ab16dc9,9d2fe463-2d08-476c-9ba8-57d06914e18b,1706548537670311111
314b6274-7746-40e9-8d39-cbc46ab16dc9,9d2fe463-2d08-476c-9ba8-57d06914e18b,1706548537703655555
314b6274-7746-40e9-8d39-cbc46ab16dc9,9d2fe463-2d08-476c-9ba8-57d06914e18b,1706548537737000000
314b6274-7746-40e9-8d39-cbc46ab16dc9,9d2fe463-2d08-476c-9ba8-57d06914e18b,1706548537770344444
314b6274-7746-40e9-8d39-cbc46ab16dc9,9d2fe463-2d08-476c-9ba8-57d06914e18b,1706548537803688888
314b6274-7746-40e9-8d39-cbc46ab16dc9,9d2fe463-2d08-476c-9ba8-57d06914e18b,1706548537837022222
314b6274-7746-40e9-8d39-cbc46ab16dc9,9d2fe463-2d08-476c-9ba8-57d06914e18b,1706548537870366666
314b6274-7746-40e9-8d39-cbc46ab16dc9,9d2fe463-2d08-476c-9ba8-57d06914e18b,1706548537903711111
314b6274-7746-40e9-8d39-cbc46ab16dc9,9d2fe463-2d08-476c-9ba8-57d06914e18b,1706548537937055555
314b6274-7746-40e9-8d39-cbc46ab16dc9,9d2fe463-2d08-476c-9ba8-57d06914e18b,1706548537970400000
314b6274-7746-40e9-8d39-cbc46ab16dc9,9d2fe463-2d08-476c-9ba8-57d06914e18b,1706548538003733333
314b6274-7746-40e9-8d39-cbc46ab16dc9,9d2fe463-2d08-476c-9ba8-57d06914e18b,1706548538037077777
314b6274-7746-40e9-8d39-cbc46ab16dc9,9d2fe463-2d08-476c-9ba8-57d06914e18b,1706548538070422222
314b6274-7746-40e9-8d39-cbc46ab16dc9,9d2fe463-2d08-476c-9ba8-57d06914e18b,1706548538103766666
314b6274-7746-40e9-8d39-cbc46ab16dc9,9d2fe463-2d08-476c-9ba8-57d06914e18b,1706548538137111111
314b6274-7746-40e9-8d39-cbc46ab16dc9,9d2fe463-2d08-476c-9ba8-57d06914e18b,1706548538170455555
314b6274-7746-40e9-8d39-cbc46ab16dc9,9d2fe463-2d08-476c-9ba8-57d06914e18b,1706548538203788888
314b6274-7746-40e9-8d39-cbc46ab16dc9,9d2fe463-2d08-476c-9ba8-57d06914e18b,1706548538237133333
314b6274-7746-40e9-8d39-cbc46ab16dc9,9d2fe463-2d08-476c-9ba8-57d06914e18b,1706548538270477777
314b6274-7746-40e9-8d39-cbc46ab16dc9,9d2fe463-2d08-476c-9ba8-57d06914e18b,1706548538303822222
314b6274-7746-40e9-8d39-cbc46ab16dc9,9d2fe463-2d08-476c-9ba8-57d06914e18b,1706548538337166666
314b6274-7746-40e9-8d39-cbc46ab16dc9,9d2fe463-2d08-476c-9ba8-57d06914e18b,1706548538370500000
314b6274-7746-40e9-8d39-cbc46ab16dc9,9d2fe463-2d08-476c-9ba8-57d06914e18b,1706548538403844444
314b6274-7746-40e9-8d39-cbc46ab16dc9,9d2fe463-2d08-476c-9ba8-57d06914e18b,1706548538437188888
314b6274-7746-40e9-8d39-cbc46ab16dc9,9d2fe463-2d08-476c-9ba8-57d06914e18b,1706548538470533333
314b6274-7746-40e9-8d39-cbc46ab16dc9,9d2fe463-2d08-476c-9ba8-57d06914e18b,1706548538503877777
314b6274-7746-40e9-8d39-cbc46ab16dc9,9d2fe463-2d08-476c-9ba8-57d06914e18b,1706548538537222222
314b6274-7746-40e9-8d39-cbc46ab16dc9,9d2fe463-2d08-476c-9ba8-57d06914e18b,1706548538570555555
314b6274-7746-40e9-8d39-cbc46ab16dc9,9d2fe463-2d08-476c-9ba8-57d06914e18b,1706548538603900000
314b6274-7746-40e9-8d39-cbc46ab16dc9,9d2fe463-2d08-476c-9ba8-57d06914e18b,1706548538637244444
314b6274-7746-40e9-8d39-cbc46ab16dc9,9d2fe463-2d08-476c-9ba8-57d06914e18b,1706548538670588888
314b6274-7746-40e9-8d39-cbc46ab16dc9,9d2fe463-2d08-476c-9ba8-57d06914e18b,1706548538703933333
314b6274-7746-40e9-8d39-cbc46ab16dc9,9d2fe463-2d08-476c-9ba8-57d06914e18b,1706548538737266666
314b6274-7746-40e9-8d39-cbc46ab16dc9,9d2fe463-2d08-476c-9ba8-57d06914e18b,1706548538770611111
314b6274-7746-40e9-8d39-cbc46ab16dc9,9d2fe463-2d08-476c-9ba8-57d06914e18b,1706548538803955555
314b6274-7746-40e9-8d39-cbc46ab16dc9,9d2fe463-2d08-476c-9ba8-57d06914e18b,1706548538837300000
314b6274-7746-40e9-8d39-cbc46ab16dc9,9d2fe463-2d08-476c-9ba8-57d06914e18b,1706548538870644444
314b6274-7746-40e9-8d39-cbc46ab16dc9,9d2fe463-2d08-476c-9ba8-57d06914e18b,1706548538903988888
314b6274-7746-40e9-8d39-cbc46ab16dc9,9d2fe463-2d08-476c-9ba8-57d06914e18b,1706548538937322222
314b6274-7746-40e9-8d39-cbc46ab16dc9,9d2fe463-2d08-476c-9ba8-57d06914e18b,1706548538970666666
314b6274-7746-40e9-8d39-cbc46ab16dc9,9d2fe463-2d08-476c-9ba8-57d06914e18b,1706548539004011111
314b6274-7746-40e9-8d39-cbc46ab16dc9,9d2fe463-2d08-476c-9ba8-57d06914e18b,1706548539037355555
314b6274-7746-40e9-8d39-cbc46ab16dc9,9d2fe463-2d08-476c-9ba8-57d06914e18b,1706548539070700000
314b6274-7746-40e9-8d39-cbc46ab16dc9,9d2fe463-2d08-476c-9ba8-57d06914e18b,1706548539104044444
314b6274-7746-40e9-8d39-cbc46ab16dc9,9d2fe463-2d08-476c-9ba8-57d06914e18b,1706548539137377777
314b6274-7746-40e9-8d39-cbc46ab16dc9,9d2fe463-2d08-476c-9ba8-57d06914e18b,1706548539170722222
314b6274-7746-40e9-8d39-cbc46ab16dc9,9d2fe463-2d08-476c-9ba8-57d06914e18b,1706548539204066666
314b6274-7746-40e9-8d39-cbc46ab16dc9,9d2fe463-2d08-476c-9ba8-57d06914e18b,1706548539237411111
314b6274-7746-40e9-8d39-cbc46ab16dc9,9d2fe463-2d08-476c-9ba8-57d06914e18b,1706548539270755555
314b6274-7746-40e9-8d39-cbc46ab16dc9,9d2fe463-2d08-476c-9ba8-57d06914e18b,1706548539304088888
314b6274-7746-40e9-8d39-cbc46ab16dc9,9d2fe463-2d08-476c-9ba8-57d06914e18b,1706548539337433333
314b6274-7746-40e9-8d39-cbc46ab16dc9,9d2fe463-2d08-476c-9ba8-57d06914e18b,1706548539370777777
314b6274-7746-40e9-8d39-cbc46ab16dc9,9d2fe463-2d08-476c-9ba8-57d06914e18b,1706548539404122222
314b6274-7746-40e9-8d39-cbc46ab16dc9,9d2fe463-2d08-476c-9ba8-57d06914e18b,1706548539437466666
314b6274-7746-40e9-8d39-cbc46ab16dc9,9d2fe463-2d08-476c-9ba8-57d06914e18b,1706548539470811111
314b6274-7746-40e9-8d39-cbc46ab16dc9,9d2fe463-2d08-476c-9ba8-57d06914e18b,1706548539504144444
314b6274-7746-40e9-8d39-cbc46ab16dc9,9d2fe463-2d08-476c-9ba8-57d06914e18b,1706548539537488888
314b6274-7746-40e9-8d39-cbc46ab16dc9,9d2fe463-2d08-476c-9ba8-57d06914e18b,1706548539570833333
314b6274-7746-40e9-8d39-cbc46ab16dc9,9d2fe463-2d08-476c-9ba8-57d06914e18b,1706548539604177777
314b6274-7746-40e9-8d39-cbc46ab16dc9,9d2fe463-2d08-476c-9ba8-57d06914e18b,1706548539637522222
314b6274-7746-40e9-8d39-cbc46ab16dc9,9d2fe463-2d08-476c-9ba8-57d06914e18b,1706548539670866666
314b6274-7746-40e9-8d39-cbc46ab16dc9,9d2fe463-2d08-476c-9ba8-57d06914e18b,1706548539704200000
314b6274-7746-40e9-8d39-cbc46ab16dc9,9d2fe463-2d08-476c-9ba8-57d06914e18b,1706548539737544444
314b6274-7746-40e9-8d39-cbc46ab16dc9,9d2fe463-2d08-476c-9ba8-57d06914e18b,1706548539770888888
314b6274-7746-40e9-8d39-cbc46ab16dc9,9d2fe463-2d08-476c-9ba8-57d06914e18b,1706548539804233333
314b6274-7746-40e9-8d39-cbc46ab16dc9,9d2fe463-2d08-476c-9ba8-57d06914e18b,1706548539837577777
314b6274-7746-40e9-8d39-cbc46ab16dc9,9d2fe463-2d08-476c-9ba8-57d06914e18b,1706548539870911111
314b6274-7746-40e9-8d39-cbc46ab16dc9,9d2fe463-2d08-476c-9ba8-57d06914e18b,1706548539904255555
314b6274-7746-40e9-8d39-cbc46ab16dc9,9d2fe463-2d08-476c-9ba8-57d06914e18b,1706548539937600000
314b6274-7746-40e9-8d39-cbc46ab16dc9,9d2fe463-2d08-476c-9ba8-57d06914e18b,1706548539970944444
314b6274-7746-40e9-8d39-cbc46ab16dc9,9d2fe463-2d08-476c-9ba8-57d06914e18b,1706548540004288888
314b6274-7746-40e9-8d39-cbc46ab16dc9,9d2fe463-2d08-476c-9ba8-57d06914e18b,1706548540037633333
314b6274-7746-40e9-8d39-cbc46ab16dc9,9d2fe463-2d08-476c-9ba8-57d06914e18b,1706548540070966666
314b6274-7746-40e9-8d39-cbc46ab16dc9,9d2fe463-2d08-476c-9ba8-57d06914e18b,1706548540104311111
314b6274-7746-40e9-8d39-cbc46ab16dc9,9d2fe463-2d08-476c-9ba8-57d06914e18b,1706548540137655555
314b6274-7746-40e9-8d39-cbc46ab16dc9,9d2fe463-2d08-476c-9ba8-57d06914e18b,1706548540171000000
314b6274-7746-40e9-8d39-cbc46ab16dc9,9d2fe463-2d08-476c-9ba8-57d06914e18b,1706548540204344444
314b6274-7746-40e9-8d39-cbc46ab16dc9,9d2fe463-2d08-476c-9ba8-57d06914e18b,1706548540237677777
314b6274-7746-40e9-8d39-cbc46ab16dc9,9d2fe463-2d08-476c-9ba8-57d06914e18b,1706548540271022222
314b6274-7746-40e9-8d39-cbc46ab16dc9,9d2fe463-2d08-476c-9ba8-57d06914e18b,1706548540304366666
314b6274-7746-40e9-8d39-cbc46ab16dc9,9d2fe463-2d08-476c-9ba8-57d06914e18b,1706548540337711111
314b6274-7746-40e9-8d39-cbc46ab16dc9,9d2fe463-2d08-476c-9ba8-57d06914e18b,1706548540371055555
314b6274-7746-40e9-8d39-cbc46ab16dc9,9d2fe463-2d08-476c-9ba8-57d06914e18b,1706548540404400000
314b6274-7746-40e9-8d39-cbc46ab16dc9,9d2fe463-2d08-476c-9ba8-57d06914e18b,1706548540437733333
314b6274-7746-40e9-8d39-cbc46ab16dc9,9d2fe463-2d08-476c-9ba8-57d06914e18b,1706548540471077777
314b6274-7746-40e9-8d39-cbc46ab16dc9,9d2fe463-2d08-476c-9ba8-57d06914e18b,1706548540504422222
314b6274-7746-40e9-8d39-cbc46ab16dc9,9d2fe463-2d08-476c-9ba8-57d06914e18b,1706548540537766666
314b6274-7746-40e9-8d39-cbc46ab16dc9,9d2fe463-2d08-476c-9ba8-57d06914e18b,1706548540571111111
314b6274-7746-40e9-8d39-cbc46ab16dc9,9d2fe463-2d08-476c-9ba8-57d06914e18b,1706548540604444444
314b6274-7746-40e9-8d39-cbc46ab16dc9,9d2fe463-2d08-476c-9ba8-57d06914e18b,1706548540637788888
314b6274-7746-40e9-8d39-cbc46ab16dc9,9d2fe463-2d08-476c-9ba8-57d06914e18b,1706548540671133333
314b6274-7746-40e9-8d39-cbc46ab16dc9,9d2fe463-2d08-476c-9ba8-57d06914e18b,1706548540704477777
314b6274-7746-40e9-8d39-cbc46ab16dc9,9d2fe463-2d08-476c-9ba8-57d06914e18b,1706548540737822222
314b6274-7746-40e9-8d39-cbc46ab16dc9,9d2fe463-2d08-476c-9ba8-57d06914e18b,1706548540771166666
314b6274-7746-40e9-8d39-cbc46ab16dc9,9d2fe463-2d08-476c-9ba8-57d06914e18b,1706548540804500000
314b6274-7746-40e9-8d39-cbc46ab16dc9,9d2fe463-2d08-476c-9ba8-57d06914e18b,1706548540837844444
314b6274-7746-40e9-8d39-cbc46ab16dc9,9d2fe463-2d08-476c-9ba8-57d06914e18b,1706548540871188888
314b6274-7746-40e9-8d39-cbc46ab16dc9,9d2fe463-2d08-476c-9ba8-57d06914e18b,1706548540904533333
314b6274-7746-40e9-8d39-cbc46ab16dc9,9d2fe463-2d08-476c-9ba8-57d06914e18b,1706548540937877777
314b6274-7746-40e9-8d39-cbc46ab16dc9,9d2fe463-2d08-476c-9ba8-57d06914e18b,1706548540971211111
314b6274-7746-40e9-8d39-cbc46ab16dc9,9d2fe463-2d08-476c-9ba8-57d06914e18b,1706548541004555555
314b6274-7746-40e9-8d39-cbc46ab16dc9,9d2fe463-2d08-476c-9ba8-57d06914e18b,1706548541037900000
314b6274-7746-40e9-8d39-cbc46ab16dc9,9d2fe463-2d08-476c-9ba8-57d06914e18b,1706548541071244444
314b6274-7746-40e9-8d39-cbc46ab16dc9,9d2fe463-2d08-476c-9ba8-57d06914e18b,1706548541104588888
314b6274-7746-40e9-8d39-cbc46ab16dc9,9d2fe463-2d08-476c-9ba8-57d06914e18b,1706548541137933333
314b6274-7746-40e9-8d39-cbc46ab16dc9,9d2fe463-2d08-476c-9ba8-57d06914e18b,1706548541171266666
314b6274-7746-40e9-8d39-cbc46ab16dc9,9d2fe463-2d08-476c-9ba8-57d06914e18b,1706548541204611111
314b6274-7746-40e9-8d39-cbc46ab16dc9,9d2fe463-2d08-476c-9ba8-57d06914e18b,1706548541237955555
314b6274-7746-40e9-8d39-cbc46ab16dc9,9d2fe463-2d08-476c-9ba8-57d06914e18b,1706548541271300000
314b6274-7746-40e9-8d39-cbc46ab16dc9,9d2fe463-2d08-476c-9ba8-57d06914e18b,1706548541304644444
314b6274-7746-40e9-8d39-cbc46ab16dc9,9d2fe463-2d08-476c-9ba8-57d06914e18b,1706548541337977777
314b6274-7746-40e9-8d39-cbc46ab16dc9,9d2fe463-2d08-476c-9ba8-57d06914e18b,1706548541371322222
314b6274-7746-40e9-8d39-cbc46ab16dc9,9d2fe463-2d08-476c-9ba8-57d06914e18b,1706548541404666666
314b6274-7746-40e9-8d39-cbc46ab16dc9,9d2fe463-2d08-476c-9ba8-57d06914e18b,1706548541438011111
314b6274-7746-40e9-8d39-cbc46ab16dc9,9d2fe463-2d08-476c-9ba8-57d06914e18b,1706548541471355555
314b6274-7746-40e9-8d39-cbc46ab16dc9,9d2fe463-2d08-476c-9ba8-57d06914e18b,1706548541504700000
314b6274-7746-40e9-8d39-cbc46ab16dc9,9d2fe463-2d08-476c-9ba8-57d06914e18b,1706548541538033333
314b6274-7746-40e9-8d39-cbc46ab16dc9,9d2fe463-2d08-476c-9ba8-57d06914e18b,1706548541571377777
314b6274-7746-40e9-8d39-cbc46ab16dc9,9d2fe463-2d08-476c-9ba8-57d06914e18b,1706548541604722222
314b6274-7746-40e9-8d39-cbc46ab16dc9,9d2fe463-2d08-476c-9ba8-57d06914e18b,1706548541638066666
314b6274-7746-40e9-8d39-cbc46ab16dc9,9d2fe463-2d08-476c-9ba8-57d06914e18b,1706548541671411111
314b6274-7746-40e9-8d39-cbc46ab16dc9,9d2fe463-2d08-476c-9ba8-57d06914e18b,1706548541704755555
314b6274-7746-40e9-8d39-cbc46ab16dc9,9d2fe463-2d08-476c-9ba8-57d06914e18b,1706548541738088888
314b6274-7746-40e9-8d39-cbc46ab16dc9,9d2fe463-2d08-476c-9ba8-57d06914e18b,1706548541771433333
314b6274-7746-40e9-8d39-cbc46ab16dc9,9d2fe463-2d08-476c-9ba8-57d06914e18b,1706548541804777777
314b6274-7746-40e9-8d39-cbc46ab16dc9,9d2fe463-2d08-476c-9ba8-57d06914e18b,1706548541838122222
314b6274-7746-40e9-8d39-cbc46ab16dc9,9d2fe463-2d08-476c-9ba8-57d06914e18b,1706548541871466666
314b6274-7746-40e9-8d39-cbc46ab16dc9,9d2fe463-2d08-476c-9ba8-57d06914e18b,1706548541904800000
314b6274-7746-40e9-8d39-cbc46ab16dc9,9d2fe463-2d08-476c-9ba8-57d06914e18b,1706548541938144444
314b6274-7746-40e9-8d39-cbc46ab16dc9,9d2fe463-2d08-476c-9ba8-57d06914e18b,1706548541971488888
314b6274-7746-40e9-8d39-cbc46ab16dc9,9d2fe463-2d08-476c-9ba8-57d06914e18b,1706548542004833333
314b6274-7746-40e9-8d39-cbc46ab16dc9,9d2fe463-2d08-476c-9ba8-57d06914e18b,1706548542038177777
314b6274-7746-40e9-8d39-cbc46ab16dc9,9d2fe463-2d08-476c-9ba8-57d06914e18b,1706548542071522222
314b6274-7746-40e9-8d39-cbc46ab16dc9,9d2fe463-2d08-476c-9ba8-57d06914e18b,1706548542104855555
314b6274-7746-40e9-8d39-cbc46ab16dc9,9d2fe463-2d08-476c-9ba8-57d06914e18b,1706548542138200000
314b6274-7746-40e9-8d39-cbc46ab16dc9,9d2fe463-2d08-476c-9ba8-57d06914e18b,1706548542171544444
314b6274-7746-40e9-8d39-cbc46ab16dc9,9d2fe463-2d08-476c-9ba8-57d06914e18b,1706548542204888888
314b6274-7746-40e9-8d39-cbc46ab16dc9,9d2fe463-2d08-476c-9ba8-57d06914e18b,1706548542238233333
314b6274-7746-40e9-8d39-cbc46ab16dc9,9d2fe463-2d08-476c-9ba8-57d06914e18b,1706548542271566666
314b6274-7746-40e9-8d39-cbc46ab16dc9,9d2fe463-2d08-476c-9ba8-57d06914e18b,1706548542304911111
314b6274-7746-40e9-8d39-cbc46ab16dc9,9d2fe463-2d08-476c-9ba8-57d06914e18b,1706548542338255555
314b6274-7746-40e9-8d39-cbc46ab16dc9,9d2fe463-2d08-476c-9ba8-57d06914e18b,1706548542371600000
314b6274-7746-40e9-8d39-cbc46ab16dc9,9d2fe463-2d08-476c-9ba8-57d06914e18b,1706548542404944444
314b6274-7746-40e9-8d39-cbc46ab16dc9,9d2fe463-2d08-476c-9ba8-57d06914e18b,1706548542438288888
314b6274-7746-40e9-8d39-cbc46ab16dc9,9d2fe463-2d08-476c-9ba8-57d06914e18b,1706548542471622222
314b6274-7746-40e9-8d39-cbc46ab16dc9,9d2fe463-2d08-476c-9ba8-57d06914e18b,1706548542504966666
314b6274-7746-40e9-8d39-cbc46ab16dc9,9d2fe463-2d08-476c-9ba8-57d06914e18b,1706548542538311111
314b6274-7746-40e9-8d39-cbc46ab16dc9,9d2fe463-2d08-476c-9ba8-57d06914e18b,1706548542571655555
314b6274-7746-40e9-8d39-cbc46ab16dc9,9d2fe463-2d08-476c-9ba8-57d06914e18b,1706548542605000000
314b6274-7746-40e9-8d39-cbc46ab16dc9,9d2fe463-2d08-476c-9ba8-57d06914e18b,1706548542638344444
314b6274-7746-40e9-8d39-cbc46ab16dc9,9d2fe463-2d08-476c-9ba8-57d06914e18b,1706548542671677777
314b6274-7746-40e9-8d39-cbc46ab16dc9,9d2fe463-2d08-476c-9ba8-57d06914e18b,1706548542705022222
314b6274-7746-40e9-8d39-cbc46ab16dc9,9d2fe463-2d08-476c-9ba8-57d06914e18b,1706548542738366666
314b6274-7746-40e9-8d39-cbc46ab16dc9,9d2fe463-2d08-476c-9ba8-57d06914e18b,1706548542771711111
314b6274-7746-40e9-8d39-cbc46ab16dc9,9d2fe463-2d08-476c-9ba8-57d06914e18b,1706548542805055555
314b6274-7746-40e9-8d39-cbc46ab16dc9,9d2fe463-2d08-476c-9ba8-57d06914e18b,1706548542838388888
314b6274-7746-40e9-8d39-cbc46ab16dc9,9d2fe463-2d08-476c-9ba8-57d06914e18b,1706548542871733333
314b6274-7746-40e9-8d39-cbc46ab16dc9,9d2fe463-2d08-476c-9ba8-57d06914e18b,1706548542905077777
314b6274-7746-40e9-8d39-cbc46ab16dc9,9d2fe463-2d08-476c-9ba8-57d06914e18b,1706548542938422222
314b6274-7746-40e9-8d39-cbc46ab16dc9,9d2fe463-2d08-476c-9ba8-57d06914e18b,1706548542971766666
314b6274-7746-40e9-8d39-cbc46ab16dc9,9d2fe463-2d08-476c-9ba8-57d06914e18b,1706548543005100000
314b6274-7746-40e9-8d39-cbc46ab16dc9,9d2fe463-2d08-476c-9ba8-57d06914e18b,1706548543038444444
314b6274-7746-40e9-8d39-cbc46ab16dc9,9d2fe463-2d08-476c-9ba8-57d06914e18b,1706548543071788888
314b6274-7746-40e9-8d39-cbc46ab16dc9,9d2fe463-2d08-476c-9ba8-57d06914e18b,1706548543105133333
314b6274-7746-40e9-8d39-cbc46ab16dc9,9d2fe463-2d08-476c-9ba8-57d06914e18b,1706548543138477777
314b6274-7746-40e9-8d39-cbc46ab16dc9,9d2fe463-2d08-476c-9ba8-57d06914e18b,1706548543171822222
314b6274-7746-40e9-8d39-cbc46ab16dc9,9d2fe463-2d08-476c-9ba8-57d06914e18b,1706548543205155555
314b6274-7746-40e9-8d39-cbc46ab16dc9,9d2fe463-2d08-476c-9ba8-57d06914e18b,1706548543238500000
314b6274-7746-40e9-8d39-cbc46ab16dc9,9d2fe463-2d08-476c-9ba8-57d06914e18b,1706548543271844444
314b6274-7746-40e9-8d39-cbc46ab16dc9,9d2fe463-2d08-476c-9ba8-57d06914e18b,1706548543305188888
314b6274-7746-40e9-8d39-cbc46ab16dc9,9d2fe463-2d08-476c-9ba8-57d06914e18b,1706548543338533333
314b6274-7746-40e9-8d39-cbc46ab16dc9,9d2fe463-2d08-476c-9ba8-57d06914e18b,1706548543371866666
314b6274-7746-40e9-8d39-cbc46ab16dc9,9d2fe463-2d08-476c-9ba8-57d06914e18b,1706548543405211111
314b6274-7746-40e9-8d39-cbc46ab16dc9,9d2fe463-2d08-476c-9ba8-57d06914e18b,1706548543438555555
314b6274-7746-40e9-8d39-cbc46ab16dc9,9d2fe463-2d08-476c-9ba8-57d06914e18b,1706548543471900000
314b6274-7746-40e9-8d39-cbc46ab16dc9,9d2fe463-2d08-476c-9ba8-57d06914e18b,1706548543505244444
314b6274-7746-40e9-8d39-cbc46ab16dc9,9d2fe463-2d08-476c-9ba8-57d06914e18b,1706548543538588888
314b6274-7746-40e9-8d39-cbc46ab16dc9,9d2fe463-2d08-476c-9ba8-57d06914e18b,1706548543571922222
314b6274-7746-40e9-8d39-cbc46ab16dc9,9d2fe463-2d08-476c-9ba8-57d06914e18b,1706548543605266666
314b6274-7746-40e9-8d39-cbc46ab16dc9,9d2fe463-2d08-476c-9ba8-57d06914e18b,1706548543638611111
314b6274-7746-40e9-8d39-cbc46ab16dc9,9d2fe463-2d08-476c-9ba8-57d06914e18b,1706548543671955555
314b6274-7746-40e9-8d39-cbc46ab16dc9,9d2fe463-2d08-476c-9ba8-57d06914e18b,1706548543705300000
314b6274-7746-40e9-8d39-cbc46ab16dc9,9d2fe463-2d08-476c-9ba8-57d06914e18b,1706548543738644444
314b6274-7746-40e9-8d39-cbc46ab16dc9,9d2fe463-2d08-476c-9ba8-57d06914e18b,1706548543771977777
314b6274-7746-40e9-8d39-cbc46ab16dc9,9d2fe463-2d08-476c-9ba8-57d06914e18b,1706548543805322222
314b6274-7746-40e9-8d39-cbc46ab16dc9,9d2fe463-2d08-476c-9ba8-57d06914e18b,1706548543838666666
314b6274-7746-40e9-8d39-cbc46ab16dc9,9d2fe463-2d08-476c-9ba8-57d06914e18b,1706548543872011111
314b6274-7746-40e9-8d39-cbc46ab16dc9,9d2fe463-2d08-476c-9ba8-57d06914e18b,1706548543905355555
314b6274-7746-40e9-8d39-cbc46ab16dc9,9d2fe463-2d08-476c-9ba8-57d06914e18b,1706548543938688888
314b6274-7746-40e9-8d39-cbc46ab16dc9,9d2fe463-2d08-476c-9ba8-57d06914e18b,1706548543972033333
314b6274-7746-40e9-8d39-cbc46ab16dc9,9d2fe463-2d08-476c-9ba8-57d06914e18b,1706548544005377777
314b6274-7746-40e9-8d39-cbc46ab16dc9,9d2fe463-2d08-476c-9ba8-57d06914e18b,1706548544038722222
314b6274-7746-40e9-8d39-cbc46ab16dc9,9d2fe463-2d08-476c-9ba8-57d06914e18b,1706548544072066666
314b6274-7746-40e9-8d39-cbc46ab16dc9,9d2fe463-2d08-476c-9ba8-57d06914e18b,1706548544105411111
314b6274-7746-40e9-8d39-cbc46ab16dc9,9d2fe463-2d08-476c-9ba8-57d06914e18b,1706548544138744444
314b6274-7746-40e9-8d39-cbc46ab16dc9,9d2fe463-2d08-476c-9ba8-57d06914e18b,1706548544172088888
314b6274-7746-40e9-8d39-cbc46ab16dc9,9d2fe463-2d08-476c-9ba8-57d06914e18b,1706548544205433333
314b6274-7746-40e9-8d39-cbc46ab16dc9,9d2fe463-2d08-476c-9ba8-57d06914e18b,1706548544238777777
314b6274-7746-40e9-8d39-cbc46ab16dc9,9d2fe463-2d08-476c-9ba8-57d06914e18b,1706548544272122222
314b6274-7746-40e9-8d39-cbc46ab16dc9,9d2fe463-2d08-476c-9ba8-57d06914e18b,1706548544305466666
314b6274-7746-40e9-8d39-cbc46ab16dc9,9d2fe463-2d08-476c-9ba8-57d06914e18b,1706548544338800000
314b6274-7746-40e9-8d39-cbc46ab16dc9,9d2fe463-2d08-476c-9ba8-57d06914e18b,1706548544372144444
314b6274-7746-40e9-8d39-cbc46ab16dc9,9d2fe463-2d08-476c-9ba8-57d06914e18b,1706548544405488888
314b6274-7746-40e9-8d39-cbc46ab16dc9,9d2fe463-2d08-476c-9ba8-57d06914e18b,1706548544438833333
314b6274-7746-40e9-8d39-cbc46ab16dc9,9d2fe463-2d08-476c-9ba8-57d06914e18b,1706548544472177777
314b6274-7746-40e9-8d39-cbc46ab16dc9,9d2fe463-2d08-476c-9ba8-57d06914e18b,1706548544505511111
314b6274-7746-40e9-8d39-cbc46ab16dc9,9d2fe463-2d08-476c-9ba8-57d06914e18b,1706548544538855555
314b6274-7746-40e9-8d39-cbc46ab16dc9,9d2fe463-2d08-476c-9ba8-57d06914e18b,1706548544572200000
314b6274-7746-40e9-8d39-cbc46ab16dc9,9d2fe463-2d08-476c-9ba8-57d06914e18b,1706548544605544444
314b6274-7746-40e9-8d39-cbc46ab16dc9,9d2fe463-2d08-476c-9ba8-57d06914e18b,1706548544638888888
314b6274-7746-40e9-8d39-cbc46ab16dc9,9d2fe463-2d08-476c-9ba8-57d06914e18b,1706548544672233333
314b6274-7746-40e9-8d39-cbc46ab16dc9,9d2fe463-2d08-476c-9ba8-57d06914e18b,1706548544705566666
314b6274-7746-40e9-8d39-cbc46ab16dc9,9d2fe463-2d08-476c-9ba8-57d06914e18b,1706548544738911111
314b6274-7746-40e9-8d39-cbc46ab16dc9,9d2fe463-2d08-476c-9ba8-57d06914e18b,1706548544772255555
314b6274-7746-40e9-8d39-cbc46ab16dc9,9d2fe463-2d08-476c-9ba8-57d06914e18b,1706548544805600000
314b6274-7746-40e9-8d39-cbc46ab16dc9,9d2fe463-2d08-476c-9ba8-57d06914e18b,1706548544838944444
314b6274-7746-40e9-8d39-cbc46ab16dc9,9d2fe463-2d08-476c-9ba8-57d06914e18b,1706548544872277777
314b6274-7746-40e9-8d39-cbc46ab16dc9,9d2fe463-2d08-476c-9ba8-57d06914e18b,1706548544905622222
314b6274-7746-40e9-8d39-cbc46ab16dc9,9d2fe463-2d08-476c-9ba8-57d06914e18b,1706548544938966666
314b6274-7746-40e9-8d39-cbc46ab16dc9,9d2fe463-2d08-476c-9ba8-57d06914e18b,1706548544972311111
314b6274-7746-40e9-8d39-cbc46ab16dc9,9d2fe463-2d08-476c-9ba8-57d06914e18b,1706548545005655555
314b6274-7746-40e9-8d39-cbc46ab16dc9,9d2fe463-2d08-476c-9ba8-57d06914e18b,1706548545039000000
314b6274-7746-40e9-8d39-cbc46ab16dc9,9d2fe463-2d08-476c-9ba8-57d06914e18b,1706548545072333333
314b6274-7746-40e9-8d39-cbc46ab16dc9,9d2fe463-2d08-476c-9ba8-57d06914e18b,1706548545105677777
314b6274-7746-40e9-8d39-cbc46ab16dc9,9d2fe463-2d08-476c-9ba8-57d06914e18b,1706548545139022222
314b6274-7746-40e9-8d39-cbc46ab16dc9,9d2fe463-2d08-476c-9ba8-57d06914e18b,1706548545172366666
314b6274-7746-40e9-8d39-cbc46ab16dc9,9d2fe463-2d08-476c-9ba8-57d06914e18b,1706548545205711111
314b6274-7746-40e9-8d39-cbc46ab16dc9,9d2fe463-2d08-476c-9ba8-57d06914e18b,1706548545239044444
314b6274-7746-40e9-8d39-cbc46ab16dc9,9d2fe463-2d08-476c-9ba8-57d06914e18b,1706548545272388888
314b6274-7746-40e9-8d39-cbc46ab16dc9,9d2fe463-2d08-476c-9ba8-57d06914e18b,1706548545305733333
314b6274-7746-40e9-8d39-cbc46ab16dc9,9d2fe463-2d08-476c-9ba8-57d06914e18b,1706548545339077777
314b6274-7746-40e9-8d39-cbc46ab16dc9,9d2fe463-2d08-476c-9ba8-57d06914e18b,1706548545372422222
314b6274-7746-40e9-8d39-cbc46ab16dc9,9d2fe463-2d08-476c-9ba8-57d06914e18b,1706548545405766666
314b6274-7746-40e9-8d39-cbc46ab16dc9,9d2fe463-2d08-476c-9ba8-57d06914e18b,1706548545439100000
