 Mixed,Mixed,Mixed,Mixed,Mixed,Mixed,Mixed,Mixed,Measured,Mixed,Mixed,Mixed,Mixed,Mixed
Frame,Time, X, Y, Z, Type, X, Y, Z, Type, X, Y, Z, Type
1,0,-1096.202,-397.725,-147.704,Measured,-1006.706,575.212,-83.76,Measured,-1013.74,520.245,-40.367,Measured
2,0.01,-1096.202,-397.725,-147.704,Measured,-1006.706,575.219,-83.781,Measured,-1013.739,520.241,-40.392,Measured
3,0.02,-1096.202,-397.725,-147.704,Measured,-1006.72,575.239,-83.787,Measured,-1013.756,520.262,-40.407,Measured
4,0.03,-1095.06,-395.485,-146.803,Gap-filled,-1007.633,568.109,-91.528,Measured,-1013.397,518.785,-39.541,Measured
5,0.04,-1093.102,-391.645,-145.258,Gap-filled,-1009.86,574.02,-85.548,Measured,-1013.787,520.626,-40.632,Measured
6,0.05,-1090.652,-386.843,-143.324,Gap-filled,-1007.172,577.405,-82.665,Measured,-1013.534,518.409,-39.755,Measured
7,0.06,-1088.036,-381.719,-141.257,Gap-filled,-1015.738,575.35,-82.423,Measured,-1013.486,518.283,-39.868,Measured
8,0.07,-1085.58,-376.912,-139.314,Gap-filled,-1007.26,577.418,-82.673,Measured,-1013.035,518.602,-38.843,Measured
9,0.08,-1083.608,-373.061,-137.749,Gap-filled,-1010.02,574.352,-85.352,Measured,-1013.061,518.635,-38.842,Measured
10,0.09,-1082.446,-370.805,-136.819,Measured,-1008.014,568.933,-90.959,Measured,-1013.756,520.188,-40.512,Measured
11,0.1,-1082.42,-370.784,-136.781,Measured,-1006.273,570.363,-89.191,Gap-filled,-1013.786,520.187,-40.513,Measured
12,0.11,-1084.044,-370.698,-137.317,Measured,-1006.744,575.35,-83.891,Measured,-1013.408,518.709,-39.625,Measured
13,0.12,-1083.547,-370.717,-137.124,Measured,-1011.37,580.6,-78.9,Measured,-1013.514,518.392,-39.754,Measured
14,0.13,-1082.506,-370.746,-136.842,Measured,-1006.841,575.457,-83.87,Measured,-1013.763,520.174,-40.508,Measured
15,0.14,-1083.558,-370.709,-137.26,Measured,-1007.45,568.416,-91.331,Measured,-1013.745,520.147,-40.56,Measured
16,0.15,-1083.529,-370.718,-137.188,Measured,-1011.908,574.361,-83.784,Measured,-1013.744,520.176,-40.544,Measured
17,0.16,-1083.539,-370.73,-137.135,Measured,-1010.048,551.021,-87.757,Measured,-1013.778,520.162,-40.419,Measured
18,0.17,-1105.577,-373.957,-151.553,Measured,-1011.511,545.898,-87.099,Gap-filled,-1013.754,520.212,-40.534,Measured
19,0.18,-1108.119,-374.376,-153.331,Measured,-1013.621,548.432,-85.125,Measured,-1013.744,520.204,-40.557,Measured
20,0.19,-1108.332,-374.319,-153.16,Measured,-1013.704,548.066,-85.149,Measured,-1013.687,520.069,-40.41,Measured
21,0.2,-1108.587,-374.442,-153.84,Measured,-1013.354,550.515,-84.646,Gap-filled,-1013.682,520.136,-40.339,Measured
22,0.21,-1106.425,-374.17,-152.702,Gap-filled,-1012.653,547.937,-85.353,Measured,-1013.746,520.24,-40.569,Measured
23,0.22,-1102.338,-373.584,-150.108,Gap-filled,-1011.683,532.487,-89.005,Measured,-1013.063,518.596,-39.032,Measured
24,0.23,-1096.819,-372.762,-146.419,Gap-filled,-1012.017,534.259,-89.829,Measured,-1013.024,518.543,-39.011,Measured
25,0.24,-1090.36,-371.782,-141.996,Gap-filled,-1012.099,529.033,-89.375,Measured,-1013.769,520.104,-40.673,Measured
26,0.25,-1083.454,-370.726,-137.199,Measured,-1022.746,513.113,-91.128,Measured,-1013.84,520.321,-40.87,Measured
27,0.26,-1078.89,-370.036,-134.059,Gap-filled,-1011.98,511.434,-88.511,Measured,-1013.426,518.59,-39.889,Measured
28,0.27,-1076.299,-369.656,-132.312,Gap-filled,-1003.089,497.202,-92.578,Measured,-1013.793,519.996,-40.82,Measured
29,0.28,-1075.314,-369.527,-131.691,Gap-filled,-998.224,504.167,-90.204,Measured,-1013.803,520.031,-40.867,Measured
30,0.29,-1075.565,-369.591,-131.931,Gap-filled,-996.291,511.13,-82.693,Measured,-1013.81,520.088,-40.912,Measured
31,0.3,-1076.684,-369.79,-132.767,Gap-filled,-997.853,513.082,-80.821,Measured,-1013.786,520.19,-40.944,Measured
32,0.31,-1078.303,-370.067,-133.933,Gap-filled,-1001.986,501.683,-80.641,Measured,-1013.742,520.001,-40.884,Measured
33,0.32,-1080.052,-370.363,-135.165,Gap-filled,-995.879,513.317,-74.633,Measured,-1013.462,518.543,-40.247,Measured
34,0.33,-1081.565,-370.619,-136.196,Gap-filled,-995.762,513.557,-74.422,Measured,-1013.865,520.249,-41.343,Measured
35,0.34,-1082.471,-370.779,-136.762,Measured,-995.749,513.653,-74.357,Measured,-1013.796,520.084,-41.264,Measured
36,0.35,-1082.403,-370.784,-136.597,Measured,-995.856,513.285,-74.37,Measured,-1013.807,520.08,-41.334,Measured
37,0.36,-1083.323,-370.751,-136.997,Measured,-1006.979,498.198,-80.065,Measured,-1013.808,520.045,-41.405,Measured
38,0.37,-1083.543,-370.714,-137.225,Measured,-1013.44,490.993,-90.128,Measured,-1013.82,520.36,-41.604,Measured
39,0.38,-1082.505,-370.78,-136.887,Measured,-1013.885,491.042,-89.731,Measured,-1013.803,520.12,-41.425,Measured
40,0.39,-1083.566,-370.723,-137.209,Measured,-1016.707,502.48,-94.198,Measured,-1013.814,520.127,-41.441,Measured
41,0.4,-1082.479,-370.758,-136.847,Measured,-1013.658,499.222,-88.998,Measured,-1013.869,519.631,-41.728,Measured
42,0.41,-1083.472,-370.718,-136.984,Measured,-1013.656,499.228,-89.009,Measured,-1013.865,520.033,-41.379,Measured
43,0.42,-1083.557,-370.701,-137.107,Measured,-1013.666,499.262,-89.016,Measured,-1013.95,520.17,-41.633,Measured
44,0.43,-1083.64,-370.704,-137.291,Measured,-1013.667,499.261,-89.005,Measured,-1013.892,520.291,-41.599,Measured
45,0.44,-1082.47,-370.785,-136.842,Measured,-1013.706,499.368,-88.721,Measured,-1013.572,519.593,-40.831,Measured
46,0.45,-1082.504,-370.736,-136.865,Measured,-1013.644,500.902,-88.712,Measured,-1013.881,520.222,-41.611,Measured
47,0.46,-1082.443,-370.775,-136.71,Measured,-1013.679,499.385,-88.956,Measured,-1013.84,520.357,-41.631,Measured
48,0.47,-1082.451,-370.789,-136.659,Measured,-1013.674,500.288,-88.664,Measured,-1013.888,520.294,-41.567,Measured
49,0.48,-1083.55,-370.712,-137.116,Measured,-1013.662,499.274,-89.157,Measured,-1013.898,520.267,-41.562,Measured
50,0.49,-1082.434,-370.78,-136.82,Measured,-1013.736,499.059,-88.725,Measured,-1013.759,520.002,-41.344,Measured
51,0.5,-1082.82,-370.759,-136.963,Gap-filled,-1013.65,499.344,-89.153,Measured,-1013.714,519.957,-41.313,Measured
52,0.51,-1083.553,-370.726,-137.172,Measured,-1013.68,499.282,-88.978,Measured,-1013.722,520.011,-41.19,Measured
53,0.52,-1083.481,-370.756,-137.071,Measured,-1013.644,499.304,-89.168,Measured,-1013.736,520.002,-41.195,Measured
54,0.53,-1082.421,-370.778,-136.703,Measured,-1013.6,501.516,-88.673,Measured,-1013.816,520.046,-41.437,Measured
55,0.54,-1082.399,-370.785,-136.772,Measured,-1013.646,499.322,-88.965,Measured,-1013.707,519.929,-41.361,Measured
56,0.55,-1082.482,-370.767,-136.824,Measured,-1015.687,501.473,-90.881,Measured,-1013.696,519.981,-41.238,Measured
57,0.56,-1082.503,-370.76,-136.751,Measured,-1013.675,499.37,-88.776,Measured,-1013.655,520.077,-41.073,Measured
58,0.57,-1084.086,-370.685,-137.427,Measured,-1015.813,501.502,-89.556,Gap-filled,-1013.667,520.042,-41.106,Measured
59,0.58,-1082.418,-370.768,-136.727,Measured,-1017.372,503.053,-90.522,Measured,-1013.714,519.958,-41.223,Measured
60,0.59,-1082.482,-370.766,-136.823,Measured,-1013.623,499.206,-88.976,Measured,-1013.774,520.018,-41.384,Measured
61,0.6,-1083.574,-370.76,-137.296,Measured,-1013.668,498.789,-88.785,Measured,-1013.702,519.975,-41.173,Measured
62,0.61,-1083.6,-370.718,-137.254,Measured,-1013.578,499.273,-89.131,Measured,-1013.533,519.618,-40.742,Measured
63,0.62,-1083.351,-370.725,-137.011,Measured,-1018.296,492.493,-96.95,Measured,-1013.549,519.641,-40.811,Measured
64,0.63,-1084.022,-370.687,-137.33,Measured,-1021.709,493.062,-100.632,Gap-filled,-1013.752,520.044,-41.365,Measured
65,0.64,-1083.489,-370.728,-137.076,Measured,-1024.174,497.054,-102.038,Measured,-1013.704,520.024,-41.198,Measured
66,0.65,-1100.236,-360.874,-156.802,Measured,-1026.339,498.994,-103.983,Gap-filled,-1013.649,520.111,-41.08,Measured
67,0.66,-1108.32,-374.354,-153.584,Measured,-1027.687,499.606,-105.468,Measured,-1013.748,519.908,-41.215,Measured
68,0.67,0,0,0,,-1027.699,499.609,-105.494,Measured,-1013.778,519.989,-41.372,Measured
69,0.68,0,0,0,,-1027.887,499.706,-105.657,Measured,-1013.757,519.951,-41.235,Measured
70,0.69,0,0,0,,-1025.771,498.184,-104.067,Gap-filled,-1013.72,520.037,-41.192,Measured
71,0.7,0,0,0,,-1021.926,495.45,-101.16,Gap-filled,-1013.789,520.076,-41.387,Measured
72,0.71,0,0,0,,-1016.926,491.908,-97.372,Gap-filled,-1013.727,519.949,-41.241,Measured
73,0.72,0,0,0,,-1011.345,487.964,-93.142,Gap-filled,-1013.692,519.946,-41.3,Measured
74,0.73,0,0,0,,-1005.759,484.023,-88.904,Gap-filled,-1013.724,520.015,-41.278,Measured
75,0.74,0,0,0,,-1000.743,480.49,-85.097,Gap-filled,-1013.706,520.047,-41.269,Measured
76,0.75,0,0,0,,-996.87,477.771,-82.157,Gap-filled,-1013.712,519.999,-41.336,Measured
77,0.76,0,0,0,,-994.715,476.271,-80.521,Measured,-1013.67,519.952,-41.417,Measured
78,0.77,0,0,0,,-994.854,476.395,-80.625,Measured,-1013.404,518.542,-40.565,Measured
79,0.78,0,0,0,,-994.831,476.433,-80.586,Measured,-1013.606,520.123,-41.289,Measured
80,0.79,0,0,0,,-994.748,476.266,-80.537,Measured,-1013.597,520.104,-41.433,Measured
81,0.8,0,0,0,,-994.707,476.111,-80.557,Measured,-1013.66,520.041,-41.504,Measured
82,0.81,0,0,0,,-995.224,477.203,-81.354,Measured,-1013.724,520.071,-41.41,Measured
83,0.82,0,0,0,,-994.696,478.893,-80.265,Measured,-1013.62,520.126,-41.505,Measured
84,0.83,0,0,0,,-996.159,475.317,-79.33,Measured,-1013.436,520.074,-41.537,Measured
85,0.84,0,0,0,,-997.657,473.539,-81.077,Measured,-1013.628,520.012,-41.643,Measured
86,0.85,0,0,0,,-996.194,474.906,-79.216,Measured,-1013.532,519.912,-41.573,Measured
87,0.86,0,0,0,,-996.179,475.025,-79.089,Measured,-1018.815,525.229,-48.271,Measured
88,0.87,0,0,0,,-996.287,475.755,-76.289,Measured,-1013.379,519.574,-41.03,Measured
89,0.88,0,0,0,,-992.569,472.887,-71.952,Measured,-1013.553,519.977,-41.58,Measured
90,0.89,0,0,0,,-994.664,478.686,-80.158,Measured,-1013.661,520.033,-41.641,Measured
91,0.9,0,0,0,,-997.038,481.928,-69.565,Measured,-1013.641,519.996,-41.552,Measured
92,0.91,0,0,0,,-997.362,479.834,-71.529,Measured,-1013.174,519.296,-40.637,Measured
93,0.92,0,0,0,,-997.784,479.957,-71.587,Measured,-1013.587,519.984,-41.406,Measured
94,0.93,0,0,0,,-997.832,480.023,-71.53,Measured,-1013.205,519.319,-40.674,Measured
95,0.94,0,0,0,,-997.832,480.06,-71.453,Measured,-1013.167,519.306,-40.582,Measured
96,0.95,0,0,0,,-997.827,480.07,-71.382,Measured,-1013.096,519.217,-40.328,Measured
97,0.96,0,0,0,,-997.782,480.065,-71.25,Measured,-1013.111,519.251,-40.239,Measured
98,0.97,0,0,0,,-997.746,480.05,-71.157,Measured,-1013.35,519.971,-40.95,Measured
99,0.98,0,0,0,,-996.068,476.642,-73.988,Measured,-1013.542,520.011,-40.926,Measured
100,0.99,0,0,0,,-997.707,480.081,-71.057,Measured,-1013.456,519.94,-40.843,Measured
101,1,0,0,0,,-996.041,476.804,-73.677,Measured,-1013.49,520.257,-40.585,Measured
102,1.01,0,0,0,,-996.17,475.189,-78.06,Measured,-1013.509,520.127,-40.599,Measured
103,1.02,0,0,0,,-996.13,475.244,-78.095,Measured,-1013.509,520.107,-40.574,Measured
104,1.03,0,0,0,,-997.849,473.692,-80.151,Measured,-1013.043,519.465,-39.758,Measured
105,1.04,0,0,0,,-996.209,475.223,-78.25,Measured,-1013.39,519.924,-40.203,Measured
106,1.05,0,0,0,,-995.387,475.471,-75.514,Measured,-1013.496,520.169,-40.464,Measured
107,1.06,0,0,0,,-996.139,475.211,-78.218,Measured,-1013.48,520.127,-40.514,Measured
108,1.07,0,0,0,,-996.329,475.988,-75.933,Measured,-1013.509,520.121,-40.562,Measured
109,1.08,0,0,0,,-996.064,476.6,-74.048,Measured,-1015.479,523.341,-44.154,Measured
110,1.09,0,0,0,,-995.877,476.83,-73.276,Measured,-1013.549,520.359,-40.566,Measured
111,1.1,0,0,0,,-995.997,476.714,-73.751,Measured,-1013.617,520.269,-40.8,Measured
112,1.11,0,0,0,,-996.113,476.687,-74.033,Measured,-1013.557,520.218,-40.727,Measured
113,1.12,0,0,0,,-995.005,476.36,-79.629,Measured,-1013.541,520.297,-40.736,Measured
114,1.13,0,0,0,,-997.584,473.742,-80.141,Measured,-1013.071,518.688,-39.19,Measured
115,1.14,0,0,0,,-997.812,478.835,-72.765,Measured,-1013.066,518.602,-39.183,Measured
116,1.15,0,0,0,,-997.95,480.208,-71.207,Measured,-1013.067,521.268,-39.51,Measured
117,1.16,0,0,0,,-998.417,486.778,-63.985,Measured,-1013.383,520.301,-40.778,Measured
118,1.17,0,0,0,,-998.375,487.19,-63.841,Measured,-1013.584,520.321,-40.827,Measured
119,1.18,0,0,0,,-998.41,487.242,-63.529,Measured,-1013.55,520.443,-40.756,Measured
120,1.19,0,0,0,,-998.392,487.274,-63.766,Measured,-1013.668,520.386,-40.693,Measured
121,1.2,0,0,0,,-998.375,487.277,-63.787,Measured,-1013.537,520.312,-40.956,Measured
122,1.21,0,0,0,,-997.75,480.837,-70.387,Measured,-1013.686,520.289,-40.815,Measured
123,1.22,0,0,0,,-998.076,480.813,-70.45,Measured,-1013.691,520.308,-40.831,Measured
124,1.23,0,0,0,,-996.589,476.665,-75.563,Measured,-1013.32,521.298,-39.838,Measured
125,1.24,0,0,0,,-996.383,475.412,-78.211,Measured,-1013.71,519.976,-41.44,Measured
126,1.25,0,0,0,,-996.414,475.348,-78.352,Measured,-1013.565,520.324,-41.041,Measured
127,1.26,0,0,0,,-996.556,476.328,-75.875,Measured,-1013.557,520.374,-40.937,Measured
128,1.27,0,0,0,,-996.349,475.354,-78.297,Measured,-1013.617,520.268,-41.057,Measured
129,1.28,0,0,0,,-996.333,475.375,-78.385,Measured,-1013.637,520.261,-41.106,Measured
130,1.29,0,0,0,,-996.382,475.335,-78.482,Measured,-1013.634,520.293,-41.1,Measured
131,1.3,0,0,0,,-996.113,476.851,-73.811,Measured,-1013.577,520.385,-41.013,Measured
132,1.31,0,0,0,,-996.449,476.321,-75.727,Measured,-1013.407,519.752,-40.435,Measured
133,1.32,0,0,0,,-992.569,473.021,-70.898,Measured,-1013.695,520.267,-41.184,Measured
134,1.33,0,0,0,,-994.736,475.901,-79.199,Measured,-1013.455,519.776,-40.568,Measured
135,1.34,0,0,0,,-996.304,475.323,-78.419,Measured,-1013.438,519.794,-40.466,Measured
136,1.35,0,0,0,,-996.583,476.34,-75.958,Measured,-1013.755,520.232,-40.703,Measured
137,1.36,0,0,0,,-996.33,475.446,-78.367,Measured,-1013.477,519.883,-40.515,Measured
138,1.37,0,0,0,,-996.338,475.329,-78.416,Measured,-1013.726,520.236,-40.807,Measured
139,1.38,0,0,0,,-997.843,479.046,-72.541,Measured,-1013.63,520.226,-40.965,Measured
140,1.39,0,0,0,,-1000.358,469.756,-82.207,Measured,-1013.682,520.406,-41.098,Measured
141,1.4,0,0,0,,-996.481,475.279,-78.47,Measured,-1013.483,519.856,-40.464,Measured
142,1.41,0,0,0,,-996.026,476.714,-73.535,Measured,-1013.715,520.344,-41.137,Measured
143,1.42,0,0,0,,-995.914,476.807,-73.159,Measured,-1013.634,520.341,-40.977,Measured
144,1.43,0,0,0,,-996.007,476.898,-73.268,Measured,-1013.73,520.413,-41.171,Measured
145,1.44,0,0,0,,-997.921,473.798,-80.14,Measured,-1013.747,520.506,-41.183,Measured
146,1.45,0,0,0,,-1001.122,478.421,-84.022,Measured,-1013.826,520.46,-41.068,Measured
147,1.46,0,0,0,,-998.141,473.883,-80.407,Measured,-1013.681,520.505,-41.05,Measured
148,1.47,0,0,0,,-996.531,475.463,-78.432,Measured,-1013.69,520.571,-41.014,Measured
149,1.48,0,0,0,,-995.808,475.676,-75.794,Measured,-1013.887,520.496,-40.615,Measured
150,1.49,0,0,0,,-995.717,475.702,-75.56,Measured,-1013.728,520.623,-41.028,Measured
151,1.5,0,0,0,,-998.179,480.287,-71.27,Measured,-1013.631,520.261,-40.752,Measured
152,1.51,0,0,0,,-998.444,487.046,-63.715,Measured,-1013.651,520.307,-40.76,Measured
153,1.52,0,0,0,,-1000.018,487.33,-63.395,Measured,-1013.847,520.657,-41.222,Measured
154,1.53,0,0,0,,-1002.759,502.29,-80.547,Measured,-1013.85,520.678,-41.258,Measured
155,1.54,0,0,0,,-1008.039,511.569,-89.417,Measured,-1013.851,520.659,-41.321,Measured
156,1.55,0,0,0,,-1015.363,539.632,-92.265,Measured,-1013.909,520.8,-41.447,Measured
157,1.56,0,0,0,,-1020.746,565.471,-95.519,Gap-filled,-1013.863,520.591,-41.307,Measured
158,1.57,0,0,0,,-1024.556,589.937,-99.191,Gap-filled,-1014.006,520.583,-41.475,Measured
159,1.58,0,0,0,,-1027.159,613.881,-103.293,Gap-filled,-1013.994,520.744,-41.442,Measured
160,1.59,0,0,0,,-1028.922,638.152,-107.837,Gap-filled,-1013.878,520.936,-41.451,Measured
161,1.6,0,0,0,,-1030.214,663.601,-112.835,Measured,-1013.653,520.286,-40.754,Measured
162,1.61,0,0,0,,-1029.61,697.437,-118.645,Gap-filled,-1013.957,520.605,-41.126,Measured
163,1.62,0,0,0,,-1030.164,730.974,-124.762,Gap-filled,-1013.898,520.601,-41.242,Measured
164,1.63,0,0,0,,-1034.928,755.527,-130.676,Measured,-1013.834,520.517,-41.081,Measured
165,1.64,0,0,0,,-1046.957,762.412,-135.88,Measured,-1013.442,519.861,-40.337,Measured
166,1.65,0,0,0,,-1076.809,773.01,-129.034,Measured,-1013.937,520.586,-41.261,Measured
167,1.66,0,0,0,,-1102.004,784.074,-127.135,Measured,-1013.701,520.065,-40.658,Measured
168,1.67,0,0,0,,0,0,0,,-1013.95,520.481,-41.235,Measured
169,1.68,0,0,0,,0,0,0,,-1013.947,520.514,-41.228,Measured
170,1.69,0,0,0,,0,0,0,,-1014.038,520.112,-41.457,Measured
171,1.7,0,0,0,,0,0,0,,-1013.93,520.577,-41.203,Measured
172,1.71,0,0,0,,0,0,0,,-1013.932,520.542,-41.187,Measured
173,1.72,0,0,0,,0,0,0,,-1013.838,520.477,-40.993,Measured
174,1.73,0,0,0,,0,0,0,,-1013.834,520.489,-40.947,Measured
175,1.74,0,0,0,,0,0,0,,-1013.65,520.528,-40.868,Measured
176,1.75,0,0,0,,0,0,0,,-1013.804,520.599,-40.901,Measured
177,1.76,0,0,0,,0,0,0,,-1013.892,520.585,-41.071,Measured
178,1.77,0,0,0,,0,0,0,,-1013.807,520.538,-40.886,Measured
179,1.78,0,0,0,,0,0,0,,-1012.187,514.84,-35.509,Measured
180,1.79,0,0,0,,0,0,0,,-1013.222,511.983,-34.254,Measured
181,1.8,0,0,0,,0,0,0,,-1013.958,520.808,-41.182,Measured
182,1.81,0,0,0,,0,0,0,,-1013.24,512.055,-34.328,Measured
183,1.82,0,0,0,,0,0,0,,-1012.397,512.97,-34.537,Measured
184,1.83,0,0,0,,0,0,0,,-1013.903,520.385,-40.882,Measured
185,1.84,0,0,0,,0,0,0,,-1013.755,520.308,-40.592,Measured
186,1.85,0,0,0,,0,0,0,,-1013.719,520.236,-40.54,Measured
187,1.86,0,0,0,,0,0,0,,-1015.73,523.109,-43.886,Measured
188,1.87,0,0,0,,0,0,0,,-1015.792,523.338,-44.056,Measured
189,1.88,0,0,0,,0,0,0,,-1013.997,520.67,-41.06,Measured
190,1.89,0,0,0,,0,0,0,,-1018.987,525.483,-47.405,Measured
191,1.9,0,0,0,,0,0,0,,-1014.049,520.684,-41.154,Measured
192,1.91,0,0,0,,0,0,0,,-1013.989,520.684,-41.129,Measured
193,1.92,0,0,0,,0,0,0,,-1013.931,520.539,-40.994,Measured
194,1.93,0,0,0,,0,0,0,,-1013.851,520.508,-40.844,Measured
195,1.94,0,0,0,,0,0,0,,-1013.838,520.465,-40.855,Measured
196,1.95,0,0,0,,0,0,0,,-1013.836,520.422,-40.881,Measured
197,1.96,0,0,0,,0,0,0,,-1013.863,520.479,-40.954,Measured
198,1.97,0,0,0,,0,0,0,,-1013.847,520.49,-40.9,Measured
199,1.98,0,0,0,,0,0,0,,-1013.875,520.25,-41.162,Measured
200,1.99,0,0,0,,0,0,0,,-1013.837,520.444,-40.938,Measured
201,2,0,0,0,,0,0,0,,-1013.813,520.482,-40.955,Measured
202,2.01,0,0,0,,0,0,0,,-1013.856,520.861,-41.076,Measured
203,2.02,0,0,0,,0,0,0,,-1013.921,519.892,-41.178,Measured
204,2.03,0,0,0,,0,0,0,,-1013.804,520.38,-40.875,Measured
205,2.04,0,0,0,,0,0,0,,-1013.828,520.716,-41.055,Measured
206,2.05,0,0,0,,0,0,0,,-1013.756,520.517,-40.874,Measured
207,2.06,0,0,0,,0,0,0,,-1013.747,520.552,-40.858,Measured
208,2.07,0,0,0,,0,0,0,,-1013.676,520.393,-40.674,Measured
209,2.08,0,0,0,,0,0,0,,-1013.666,520.355,-40.634,Measured
210,2.09,0,0,0,,0,0,0,,-1013.66,520.362,-40.617,Measured
211,2.1,0,0,0,,0,0,0,,-1013.654,520.445,-40.65,Measured
212,2.11,0,0,0,,0,0,0,,-1013.732,520.511,-40.846,Measured
213,2.12,0,0,0,,0,0,0,,-1013.81,520.102,-41.089,Measured
214,2.13,0,0,0,,0,0,0,,-1013.882,520.41,-40.771,Measured
215,2.14,0,0,0,,0,0,0,,-1013.824,520.47,-40.737,Measured
216,2.15,0,0,0,,0,0,0,,-1013.687,520.468,-40.692,Measured
217,2.16,0,0,0,,0,0,0,,-1013.748,520.527,-40.885,Measured
218,2.17,0,0,0,,0,0,0,,-1013.745,520.514,-40.886,Measured
219,2.18,0,0,0,,0,0,0,,-1013.731,520.577,-40.856,Measured
220,2.19,0,0,0,,0,0,0,,-1013.717,520.627,-40.853,Measured
221,2.2,0,0,0,,0,0,0,,-1013.786,520.179,-41.124,Measured
222,2.21,0,0,0,,0,0,0,,-1013.705,520.533,-40.924,Measured
223,2.22,0,0,0,,0,0,0,,-1013.691,520.533,-40.896,Measured
224,2.23,0,0,0,,0,0,0,,-1013.683,520.582,-40.869,Measured
225,2.24,0,0,0,,0,0,0,,-1013.753,520.51,-40.764,Measured
226,2.25,0,0,0,,0,0,0,,-1013.817,520.473,-40.798,Measured
227,2.26,0,0,0,,0,0,0,,-1013.798,520.504,-40.794,Measured
228,2.27,0,0,0,,0,0,0,,-1013.611,520.488,-40.701,Measured
229,2.28,0,0,0,,0,0,0,,-1013.734,520.792,-41.028,Measured
230,2.29,0,0,0,,0,0,0,,-1013.713,520.365,-40.526,Measured
231,2.3,0,0,0,,0,0,0,,-1013.709,520.473,-40.965,Measured
232,2.31,0,0,0,,0,0,0,,-1013.661,520.167,-41.215,Measured
233,2.32,0,0,0,,0,0,0,,-1013.734,520.923,-41.128,Measured
234,2.33,0,0,0,,0,0,0,,-1013.795,520.024,-41.243,Measured
235,2.34,0,0,0,,0,0,0,,-1013.783,520.643,-41.137,Measured
236,2.35,0,0,0,,0,0,0,,-1013.785,520.657,-41.131,Measured
237,2.36,0,0,0,,0,0,0,,-1013.543,520.163,-40.493,Measured
238,2.37,0,0,0,,0,0,0,,-1013.717,520.481,-40.957,Measured
239,2.38,0,0,0,,0,0,0,,-1013.529,520.124,-40.538,Measured
240,2.39,0,0,0,,0,0,0,,-1013.783,520.397,-40.887,Measured
241,2.4,0,0,0,,0,0,0,,-1013.846,520.547,-41.17,Measured
242,2.41,0,0,0,,0,0,0,,-1013.775,520.707,-41.149,Measured
243,2.42,0,0,0,,0,0,0,,-1013.834,520.627,-41.18,Measured
244,2.43,0,0,0,,0,0,0,,-1013.707,520.728,-41.218,Measured
245,2.44,0,0,0,,0,0,0,,-1013.677,520.465,-41.047,Measured
246,2.45,0,0,0,,0,0,0,,-1013.747,520.697,-41.158,Measured
247,2.46,0,0,0,,0,0,0,,-1013.728,520.692,-41.166,Measured
248,2.47,0,0,0,,0,0,0,,-1013.726,520.668,-41.189,Measured
249,2.48,0,0,0,,0,0,0,,-1013.704,520.784,-41.228,Measured
250,2.49,0,0,0,,0,0,0,,-1013.564,520.554,-40.836,Measured
251,2.5,0,0,0,,0,0,0,,-1013.568,520.565,-40.896,Measured
252,2.51,0,0,0,,0,0,0,,-1013.722,520.396,-41.227,Measured
253,2.52,0,0,0,,0,0,0,,-1013.607,520.368,-41.08,Measured
254,2.53,0,0,0,,0,0,0,,-1013.679,520.512,-41.233,Measured
255,2.54,0,0,0,,0,0,0,,-1013.457,520.021,-40.537,Measured
256,2.55,0,0,0,,0,0,0,,-1013.69,520.521,-41.241,Measured
257,2.56,0,0,0,,0,0,0,,-1013.68,520.488,-41.255,Measured
258,2.57,0,0,0,,0,0,0,,-1013.689,520.332,-41.477,Measured
259,2.58,0,0,0,,0,0,0,,-1013.687,520.357,-41.481,Measured
260,2.59,0,0,0,,0,0,0,,-1013.709,520.593,-41.237,Measured
261,2.6,0,0,0,,0,0,0,,-1013.62,520.535,-41.297,Measured
262,2.61,0,0,0,,0,0,0,,-1013.686,520.578,-41.254,Measured
263,2.62,0,0,0,,0,0,0,,-1013.677,520.698,-41.163,Measured
264,2.63,0,0,0,,0,0,0,,-1013.649,520.692,-41.118,Measured
265,2.64,0,0,0,,0,0,0,,-1013.68,520.947,-41.321,Measured
266,2.65,0,0,0,,0,0,0,,-1013.642,520.659,-41.153,Measured
267,2.66,0,0,0,,0,0,0,,-1013.62,520.691,-41.114,Measured
268,2.67,0,0,0,,0,0,0,,-1013.608,520.681,-41.092,Measured
269,2.68,0,0,0,,0,0,0,,-1013.591,520.618,-41.084,Measured
270,2.69,0,0,0,,0,0,0,,-1013.606,520.532,-41.081,Measured
271,2.7,0,0,0,,0,0,0,,-1013.631,520.489,-40.94,Measured
272,2.71,0,0,0,,0,0,0,,-1013.671,520.421,-40.682,Measured
273,2.72,0,0,0,,0,0,0,,-1013.685,520.266,-40.246,Measured
274,2.73,0,0,0,,0,0,0,,-1013.633,520.145,-39.641,Measured
275,2.74,0,0,0,,0,0,0,,-1013.529,519.893,-38.73,Measured
276,2.75,0,0,0,,0,0,0,,-1013.456,519.687,-37.58,Measured
277,2.76,0,0,0,,0,0,0,,-1011.435,516.391,-33.787,Measured
278,2.77,0,0,0,,0,0,0,,-1011.121,515.861,-32.269,Measured
279,2.78,0,0,0,,0,0,0,,-1011.811,513.69,-31.015,Measured
280,2.79,0,0,0,,0,0,0,,-1010.031,512.182,-26.934,Measured
281,2.8,0,0,0,,0,0,0,,-1013.162,511.033,-29.078,Measured
282,2.81,0,0,0,,0,0,0,,-1012.814,509.169,-25.851,Measured
283,2.82,0,0,0,,0,0,0,,-1013.054,507.093,-23.004,Measured
284,2.83,0,0,0,,0,0,0,,-1014.617,505.667,-19.542,Measured
285,2.84,0,0,0,,0,0,0,,-1014.616,502.688,-15.553,Measured
286,2.85,0,0,0,,0,0,0,,-1014.336,498.832,-11.689,Measured
287,2.86,0,0,0,,0,0,0,,-1013.574,496.406,-6.082,Measured
288,2.87,0,0,0,,0,0,0,,-1012.482,493.624,-0.511,Measured
289,2.88,0,0,0,,0,0,0,,-1011.246,490.522,5.466,Measured
290,2.89,0,0,0,,0,0,0,,-1009.743,487.516,11.669,Measured
291,2.9,0,0,0,,0,0,0,,-1008.019,484.598,18.042,Measured
292,2.91,0,0,0,,0,0,0,,-1006.286,481.62,24.614,Measured
293,2.92,0,0,0,,0,0,0,,-1004.159,478.576,31.676,Measured
294,2.93,0,0,0,,0,0,0,,-1001.871,475.518,38.87,Measured
295,2.94,0,0,0,,0,0,0,,-999.403,472.412,46.368,Measured
296,2.95,0,0,0,,0,0,0,,-996.829,469.166,53.94,Measured
297,2.96,0,0,0,,0,0,0,,-994.469,465.859,61.135,Measured
298,2.97,0,0,0,,0,0,0,,-992.216,462.462,68.129,Measured
299,2.98,0,0,0,,0,0,0,,-989.929,458.835,74.976,Measured
300,2.99,0,0,0,,0,0,0,,-987.546,455.369,81.766,Measured
301,3,0,0,0,,0,0,0,,-985.463,451.468,88.242,Measured
302,3.01,0,0,0,,0,0,0,,-983.534,447.649,94.551,Measured
303,3.02,0,0,0,,0,0,0,,-981.613,443.659,100.655,Measured
304,3.03,0,0,0,,0,0,0,,-979.82,439.879,106.64,Measured
305,3.04,0,0,0,,0,0,0,,-978.544,435.487,112.29,Measured
306,3.05,0,0,0,,0,0,0,,-976.724,431.459,117.976,Measured
307,3.06,0,0,0,,0,0,0,,-975.437,428.037,123.137,Measured
308,3.07,0,0,0,,0,0,0,,-974.232,423.622,128.103,Measured
309,3.08,0,0,0,,0,0,0,,-973.53,419.555,132.61,Measured
310,3.09,0,0,0,,0,0,0,,-972.781,415.784,137.082,Measured
311,3.1,0,0,0,,0,0,0,,-972.634,411.363,140.012,Measured
312,3.11,0,0,0,,0,0,0,,-972.372,408.748,144.92,Measured
313,3.12,0,0,0,,0,0,0,,-972.324,404.528,148.987,Measured
314,3.13,0,0,0,,0,0,0,,-972.639,401.329,151.609,Measured
315,3.14,0,0,0,,0,0,0,,-973.05,397.524,154.356,Measured
316,3.15,0,0,0,,0,0,0,,-973.458,394.04,157.002,Measured
317,3.16,0,0,0,,0,0,0,,-974.197,390.509,159.226,Measured
318,3.17,0,0,0,,0,0,0,,-974.868,387.192,161.616,Measured
319,3.18,0,0,0,,0,0,0,,-975.708,383.878,163.603,Measured
320,3.19,0,0,0,,0,0,0,,-976.764,380.563,165.256,Measured
321,3.2,0,0,0,,0,0,0,,-977.971,377.165,166.238,Measured
322,3.21,0,0,0,,0,0,0,,-979.357,373.966,167.298,Measured
323,3.22,0,0,0,,0,0,0,,-980.874,371.054,168.426,Measured
324,3.23,0,0,0,,0,0,0,,-982.507,368.128,169.243,Measured
325,3.24,0,0,0,,0,0,0,,-983.984,365.403,169.462,Measured
326,3.25,0,0,0,,0,0,0,,-985.57,363.119,170.146,Measured
327,3.26,0,0,0,,0,0,0,,-987.066,360.94,170.559,Measured
328,3.27,0,0,0,,0,0,0,,-988.496,358.975,170.822,Measured
329,3.28,0,0,0,,0,0,0,,-990.042,357.131,171.088,Measured
330,3.29,0,0,0,,0,0,0,,-991.236,355.398,171.462,Measured
331,3.3,0,0,0,,0,0,0,,-992.732,353.777,171.398,Measured
332,3.31,0,0,0,,0,0,0,,-994.057,352.395,171.448,Measured
333,3.32,0,0,0,,0,0,0,,-995.538,351.103,171.532,Measured
334,3.33,0,0,0,,0,0,0,,-997.075,349.901,171.431,Measured
335,3.34,0,0,0,,0,0,0,,-998.713,348.816,171.206,Measured
336,3.35,0,0,0,,0,0,0,,-1000.518,347.81,171.081,Measured
337,3.36,0,0,0,,0,0,0,,-1002.315,346.746,170.725,Measured
338,3.37,0,0,0,,0,0,0,,-1004.276,345.679,170.376,Measured
339,3.38,0,0,0,,0,0,0,,-1006.53,344.805,169.532,Measured
340,3.39,0,0,0,,0,0,0,,-1009.098,343.954,168.559,Measured
341,3.4,0,0,0,,0,0,0,,-1012.36,344.696,166.494,Measured
342,3.41,0,0,0,,0,0,0,,-1015.117,343.307,164.393,Measured
343,3.42,0,0,0,,0,0,0,,-1018.231,344.025,162.328,Measured
344,3.43,0,0,0,,0,0,0,,-1021.246,344.175,160.383,Measured
345,3.44,0,0,0,,0,0,0,,-1024.318,344.171,158.671,Measured
346,3.45,0,0,0,,0,0,0,,-1028.49,345.376,156.51,Measured
347,3.46,0,0,0,,0,0,0,,-1031.325,345.207,154.547,Measured
348,3.47,0,0,0,,0,0,0,,-1033.501,345.822,152.619,Measured
349,3.48,0,0,0,,0,0,0,,-1036.845,344.987,151.855,Measured
350,3.49,0,0,0,,0,0,0,,-1038.558,346.473,148.965,Measured
351,3.5,0,0,0,,0,0,0,,-1041.149,345.989,148.522,Measured
352,3.51,0,0,0,,0,0,0,,-1044.869,345.403,147.865,Measured
353,3.52,0,0,0,,0,0,0,,-1046.228,346.864,145.495,Measured
354,3.53,0,0,0,,0,0,0,,-1048.555,347.17,144.326,Measured
355,3.54,0,0,0,,0,0,0,,-1051.704,345.41,144.959,Measured
356,3.55,0,0,0,,0,0,0,,-1052.657,347.903,142.385,Measured
357,3.56,0,0,0,,0,0,0,,-1055.658,346.4,143.532,Measured
358,3.57,0,0,0,,0,0,0,,-1056.653,350.979,141.043,Measured
359,3.58,0,0,0,,0,0,0,,-1057.669,351.214,141.965,Measured
360,3.59,0,0,0,,0,0,0,,-1058.849,351.739,142.67,Measured
361,3.6,0,0,0,,0,0,0,,-1059.536,351.929,143.062,Measured
362,3.61,0,0,0,,0,0,0,,-1060.166,352.076,143.547,Measured
363,3.62,0,0,0,,0,0,0,,-1060.429,352.066,143.632,Measured
364,3.63,0,0,0,,0,0,0,,-1060.912,351.887,144.194,Measured
365,3.64,0,0,0,,0,0,0,,-1061.431,351.678,144.56,Measured
366,3.65,0,0,0,,0,0,0,,-1062.059,351.447,144.717,Measured
367,3.66,0,0,0,,0,0,0,,-1062.859,351.24,144.609,Measured
368,3.67,0,0,0,,0,0,0,,-1063.633,350.827,144.271,Measured
369,3.68,0,0,0,,0,0,0,,-1064.861,350.797,143.745,Measured
370,3.69,0,0,0,,0,0,0,,-1066.255,351.076,142.918,Measured
371,3.7,0,0,0,,0,0,0,,-1068.014,350.743,142.005,Measured
372,3.71,0,0,0,,0,0,0,,-1069.688,351.059,140.684,Measured
373,3.72,0,0,0,,0,0,0,,-1071.616,351.772,139.507,Measured
374,3.73,0,0,0,,0,0,0,,-1073.634,352.219,138.189,Measured
375,3.74,0,0,0,,0,0,0,,-1075.785,352.732,136.871,Measured
376,3.75,0,0,0,,0,0,0,,-1077.944,353.275,135.459,Measured
377,3.76,0,0,0,,0,0,0,,-1080.162,354.042,133.84,Measured
378,3.77,0,0,0,,0,0,0,,-1082.337,354.982,132.526,Measured
379,3.78,0,0,0,,0,0,0,,-1084.303,356.01,131.237,Measured
380,3.79,0,0,0,,0,0,0,,-1086.287,357.032,129.926,Measured
381,3.8,0,0,0,,0,0,0,,-1088.331,358.228,128.667,Measured
382,3.81,0,0,0,,0,0,0,,-1090.335,359.62,127.498,Measured
383,3.82,0,0,0,,0,0,0,,-1092.393,361.687,126.097,Measured
384,3.83,0,0,0,,0,0,0,,-1094.144,363.11,125.061,Measured
385,3.84,0,0,0,,0,0,0,,-1095.862,364.552,124.139,Measured
386,3.85,0,0,0,,0,0,0,,-1097.565,366.001,123.419,Measured
387,3.86,0,0,0,,0,0,0,,-1098.914,367.165,123.017,Measured
388,3.87,0,0,0,,0,0,0,,-1100.175,368.223,122.801,Measured
389,3.88,0,0,0,,0,0,0,,-1101.44,369.374,122.616,Measured
390,3.89,0,0,0,,0,0,0,,-1102.726,370.48,122.486,Measured
391,3.9,0,0,0,,0,0,0,,-1104.057,371.606,122.259,Measured
392,3.91,0,0,0,,0,0,0,,-1105.471,372.525,121.896,Measured
393,3.92,0,0,0,,0,0,0,,-1106.817,373.237,121.534,Measured
394,3.93,0,0,0,,0,0,0,,-1108.206,373.793,121.256,Measured
395,3.94,0,0,0,,0,0,0,,-1109.45,374.045,121.037,Measured
396,3.95,0,0,0,,0,0,0,,-1110.663,373.76,121.501,Measured
397,3.96,0,0,0,,0,0,0,,-1111.826,373.791,120.733,Measured
398,3.97,0,0,0,,0,0,0,,-1112.946,373.377,121.136,Measured
399,3.98,0,0,0,,0,0,0,,-1114.282,373.284,121.204,Measured
400,3.99,0,0,0,,0,0,0,,-1116.074,373.42,121.007,Measured
401,4,0,0,0,,0,0,0,,-1117.28,373.299,121.017,Measured
402,4.01,0,0,0,,0,0,0,,-1118.456,373.358,121.263,Measured
403,4.02,0,0,0,,0,0,0,,-1119.43,373.308,121.399,Measured
404,4.03,0,0,0,,0,0,0,,-1119.852,373.333,121.864,Measured
405,4.04,0,0,0,,0,0,0,,-1121.203,373.374,122.471,Measured
406,4.05,0,0,0,,0,0,0,,-1121.957,373.375,123.101,Measured
407,4.06,0,0,0,,0,0,0,,-1122.688,373.382,123.854,Measured
408,4.07,0,0,0,,0,0,0,,-1123.342,373.385,124.464,Measured
409,4.08,0,0,0,,0,0,0,,-1124.043,373.475,125.182,Measured
410,4.09,0,0,0,,0,0,0,,-1124.706,373.588,125.734,Measured
411,4.1,0,0,0,,0,0,0,,-1124.961,373.301,126.262,Measured
412,4.11,0,0,0,,0,0,0,,-1125.86,373.598,126.999,Measured
413,4.12,0,0,0,,0,0,0,,-1126.318,373.503,127.791,Measured
414,4.13,0,0,0,,0,0,0,,-1126.194,373.469,129.207,Measured
415,4.14,0,0,0,,0,0,0,,-1127.036,373.53,129.73,Measured
416,4.15,0,0,0,,0,0,0,,-1127.38,373.718,130.76,Measured
417,4.16,0,0,0,,0,0,0,,-1127.811,373.747,131.826,Measured
418,4.17,0,0,0,,0,0,0,,-1128.128,373.911,132.524,Measured
419,4.18,0,0,0,,0,0,0,,-1128.545,373.975,133.243,Measured
420,4.19,0,0,0,,0,0,0,,-1128.697,374.613,134.43,Measured
421,4.2,0,0,0,,0,0,0,,-1129.181,374.709,134.835,Measured
422,4.21,0,0,0,,0,0,0,,-1130.168,374.243,134.583,Measured
423,4.22,0,0,0,,0,0,0,,-1130.805,374.308,134.716,Measured
424,4.23,0,0,0,,0,0,0,,-1131.42,374.311,134.674,Measured
425,4.24,0,0,0,,0,0,0,,-1132.048,374.302,134.597,Measured
426,4.25,0,0,0,,0,0,0,,-1132.692,374.388,134.533,Measured
427,4.26,0,0,0,,0,0,0,,-1133.303,374.469,134.394,Measured
428,4.27,0,0,0,,0,0,0,,-1133.851,374.639,134.157,Measured
429,4.28,0,0,0,,0,0,0,,-1134.383,374.874,133.971,Measured
430,4.29,0,0,0,,0,0,0,,-1134.896,375.165,133.89,Measured
431,4.3,0,0,0,,0,0,0,,-1134.838,375.321,133.756,Measured
432,4.31,0,0,0,,0,0,0,,-1135.888,375.761,133.871,Measured
433,4.32,0,0,0,,0,0,0,,-1136.284,376.072,133.811,Measured
434,4.33,0,0,0,,0,0,0,,-1136.659,376.471,133.813,Measured
435,4.34,0,0,0,,0,0,0,,-1136.988,376.802,133.717,Measured
436,4.35,0,0,0,,0,0,0,,-1137.328,377.153,133.628,Measured
437,4.36,0,0,0,,0,0,0,,-1137.087,377.216,133.521,Measured
438,4.37,0,0,0,,0,0,0,,-1138.103,377.843,133.448,Measured
439,4.38,0,0,0,,0,0,0,,-1138.376,378.215,133.331,Measured
440,4.39,0,0,0,,0,0,0,,-1138.604,378.645,133.257,Measured
441,4.4,0,0,0,,0,0,0,,-1138.581,379.524,133.325,Measured
442,4.41,0,0,0,,0,0,0,,-1138.722,380.027,133.341,Measured
443,4.42,0,0,0,,0,0,0,,-1138.652,380.597,133.435,Measured
444,4.43,0,0,0,,0,0,0,,-1138.75,380.826,133.438,Measured
445,4.44,0,0,0,,0,0,0,,-1139.128,380.178,132.98,Measured
446,4.45,0,0,0,,0,0,0,,-1139.085,380.449,132.446,Measured
447,4.46,0,0,0,,0,0,0,,-1139.19,380.637,132.353,Measured
448,4.47,0,0,0,,0,0,0,,-1139.279,380.756,132.296,Measured
449,4.48,0,0,0,,0,0,0,,-1139.392,380.829,132.199,Measured
450,4.49,0,0,0,,0,0,0,,-1139.539,380.745,132.046,Measured
451,4.5,0,0,0,,0,0,0,,-1139.679,380.817,131.825,Measured
452,4.51,0,0,0,,0,0,0,,-1139.846,380.832,131.542,Measured
453,4.52,0,0,0,,0,0,0,,-1139.906,380.871,131.287,Measured
454,4.53,0,0,0,,0,0,0,,-1140.005,380.901,131.071,Measured
455,4.54,0,0,0,,0,0,0,,-1140.091,380.912,130.879,Measured
456,4.55,0,0,0,,0,0,0,,-1140.152,380.861,130.723,Measured
457,4.56,0,0,0,,0,0,0,,-1140.176,380.867,130.624,Measured
458,4.57,0,0,0,,0,0,0,,-1140.174,380.881,130.489,Measured
459,4.58,0,0,0,,0,0,0,,-1140.184,380.853,130.432,Measured
460,4.59,0,0,0,,0,0,0,,-1140.178,380.837,130.302,Measured
461,4.6,0,0,0,,0,0,0,,-1140.225,380.719,130.176,Measured
462,4.61,0,0,0,,0,0,0,,-1140.27,380.719,130.019,Measured
463,4.62,0,0,0,,0,0,0,,-1140.324,380.745,129.851,Measured
464,4.63,0,0,0,,0,0,0,,-1140.403,380.812,129.711,Measured
465,4.64,0,0,0,,0,0,0,,-1140.496,380.747,129.532,Measured
466,4.65,0,0,0,,0,0,0,,-1140.59,380.664,129.407,Measured
467,4.66,0,0,0,,0,0,0,,-1140.692,380.716,129.275,Measured
468,4.67,0,0,0,,0,0,0,,-1140.759,380.737,129.191,Measured
469,4.68,0,0,0,,0,0,0,,-1140.87,380.801,129.047,Measured
470,4.69,0,0,0,,0,0,0,,-1140.975,380.838,129.012,Measured
471,4.7,0,0,0,,0,0,0,,-1141.096,380.844,128.986,Measured
472,4.71,0,0,0,,0,0,0,,-1141.302,381.126,128.912,Measured
473,4.72,0,0,0,,0,0,0,,-1141.437,381.241,128.841,Measured
474,4.73,0,0,0,,0,0,0,,-1142.065,382.102,128.672,Measured
475,4.74,0,0,0,,0,0,0,,-1141.559,381.491,128.78,Measured
476,4.75,0,0,0,,0,0,0,,-1142.179,382.142,128.618,Measured
477,4.76,0,0,0,,0,0,0,,-1142.21,382.194,128.629,Measured
478,4.77,0,0,0,,0,0,0,,-1142.192,382.227,128.643,Measured
479,4.78,0,0,0,,0,0,0,,-1142.175,382.237,128.614,Measured
480,4.79,0,0,0,,0,0,0,,-1142.17,382.237,128.527,Measured
481,4.8,0,0,0,,0,0,0,,-1142.171,382.215,128.451,Measured
482,4.81,0,0,0,,0,0,0,,-1142.158,382.183,128.439,Measured
483,4.82,0,0,0,,0,0,0,,-1142.228,382.425,128.389,Measured
484,4.83,0,0,0,,0,0,0,,-1142.292,382.351,128.853,Measured
485,4.84,0,0,0,,0,0,0,,-1141.812,381.654,128.185,Measured
486,4.85,0,0,0,,0,0,0,,-1142.162,382.237,128.056,Measured
487,4.86,0,0,0,,0,0,0,,-1141.761,381.66,128.005,Measured
488,4.87,0,0,0,,0,0,0,,-1141.475,381.457,128.108,Measured
489,4.88,0,0,0,,0,0,0,,-1141.641,381.355,128.582,Measured
490,4.89,0,0,0,,0,0,0,,-1140.938,380.929,129.006,Measured
491,4.9,0,0,0,,0,0,0,,-1141.658,381.351,128.513,Measured
492,4.91,0,0,0,,0,0,0,,-1141.308,381.054,128.143,Measured
493,4.92,0,0,0,,0,0,0,,-1142.491,382.474,127.216,Measured
494,4.93,0,0,0,,0,0,0,,-1142.564,382.517,127.041,Measured
495,4.94,0,0,0,,0,0,0,,-1142.574,382.499,127.018,Measured
496,4.95,0,0,0,,0,0,0,,-1142.635,382.485,126.92,Measured
497,4.96,0,0,0,,0,0,0,,-1142.683,382.434,126.88,Measured
498,4.97,0,0,0,,0,0,0,,-1142.375,382.071,127.156,Measured
499,4.98,0,0,0,,0,0,0,,-1142.379,382.033,127.111,Measured
500,4.99,0,0,0,,0,0,0,,-1142.395,382.061,127.069,Measured
501,5,0,0,0,,0,0,0,,-1142.419,382.049,127.013,Measured
502,5.01,0,0,0,,0,0,0,,-1142.411,382.015,126.952,Measured
503,5.02,0,0,0,,0,0,0,,-1142.424,382.044,126.826,Measured
504,5.03,0,0,0,,0,0,0,,-1142.049,381.445,126.894,Measured
505,5.04,0,0,0,,0,0,0,,-1142.425,382.027,126.712,Measured
506,5.05,0,0,0,,0,0,0,,-1142.428,382.075,126.74,Measured
507,5.06,0,0,0,,0,0,0,,-1142.439,382.118,126.739,Measured
508,5.07,0,0,0,,0,0,0,,-1142.396,382.1,126.807,Measured
509,5.08,0,0,0,,0,0,0,,-1142.394,382.129,126.868,Measured
510,5.09,0,0,0,,0,0,0,,-1142.484,382.366,127.518,Measured
511,5.1,0,0,0,,0,0,0,,-1141.758,381.298,127.796,Measured
512,5.11,0,0,0,,0,0,0,,-1142.437,382.301,127.552,Measured
513,5.12,0,0,0,,0,0,0,,-1142.275,382.125,127.126,Measured
514,5.13,0,0,0,,0,0,0,,-1142.286,382.136,127.139,Measured
515,5.14,0,0,0,,0,0,0,,-1142.292,382.146,127.225,Measured
516,5.15,0,0,0,,0,0,0,,-1142.288,382.136,127.267,Measured
517,5.16,0,0,0,,0,0,0,,-1142.296,382.215,127.325,Measured
518,5.17,0,0,0,,0,0,0,,-1142.612,382.672,126.956,Measured
519,5.18,0,0,0,,0,0,0,,-1141.992,381.877,127.428,Measured
520,5.19,0,0,0,,0,0,0,,-1142.002,381.881,127.455,Measured
521,5.2,0,0,0,,0,0,0,,-1142.123,381.786,127.483,Measured
522,5.21,0,0,0,,0,0,0,,-1142.098,381.792,127.52,Measured
523,5.22,0,0,0,,0,0,0,,-1142.131,381.847,127.566,Measured
524,5.23,0,0,0,,0,0,0,,-1142.095,381.918,127.667,Measured
525,5.24,0,0,0,,0,0,0,,-1142.103,381.94,127.681,Measured
526,5.25,0,0,0,,0,0,0,,-1142,381.793,128.509,Measured
527,5.26,0,0,0,,0,0,0,,-1141.708,381.545,128.965,Measured
528,5.27,0,0,0,,0,0,0,,-1141.702,381.578,129.007,Measured
529,5.28,0,0,0,,0,0,0,,-1141.713,381.756,128.483,Measured
530,5.29,0,0,0,,0,0,0,,-1141.74,381.745,128.499,Measured
531,5.3,0,0,0,,0,0,0,,-1141.754,381.802,128.524,Measured
532,5.31,0,0,0,,0,0,0,,-1141.762,381.783,128.548,Measured
533,5.32,0,0,0,,0,0,0,,-1141.73,381.793,128.604,Measured
534,5.33,0,0,0,,0,0,0,,-1141.737,381.812,128.599,Measured
535,5.34,0,0,0,,0,0,0,,-1141.729,381.825,128.648,Measured
536,5.35,0,0,0,,0,0,0,,-1141.771,381.834,128.667,Measured
537,5.36,0,0,0,,0,0,0,,-1141.742,381.807,128.718,Measured
538,5.37,0,0,0,,0,0,0,,-1141.69,381.831,128.74,Measured
539,5.38,0,0,0,,0,0,0,,-1141.711,381.816,128.748,Measured
540,5.39,0,0,0,,0,0,0,,-1141.751,381.561,128.537,Measured
541,5.4,0,0,0,,0,0,0,,-1141.885,381.629,128.89,Measured
542,5.41,0,0,0,,0,0,0,,-1141.985,381.872,128.8,Measured
543,5.42,0,0,0,,0,0,0,,-1142.032,382.157,128.276,Measured
544,5.43,0,0,0,,0,0,0,,-1142.043,382.183,128.337,Measured
545,5.44,0,0,0,,0,0,0,,-1142.058,382.188,128.335,Measured
546,5.45,0,0,0,,0,0,0,,-1142.078,382.152,128.407,Measured
547,5.46,0,0,0,,0,0,0,,-1142.091,382.155,128.452,Measured
548,5.47,0,0,0,,0,0,0,,-1142.092,382.145,128.481,Measured
549,5.48,0,0,0,,0,0,0,,-1142.088,382.209,128.528,Measured
550,5.49,0,0,0,,0,0,0,,-1142.114,382.198,128.546,Measured
551,5.5,0,0,0,,0,0,0,,-1142.099,382.283,128.639,Measured
552,5.51,0,0,0,,0,0,0,,-1142.107,382.276,128.658,Measured
553,5.52,0,0,0,,0,0,0,,-1142.086,382.264,128.716,Measured
554,5.53,0,0,0,,0,0,0,,-1142.088,382.292,128.695,Measured